career_title,source,selection,esco_id,isco_group,isco_group_name,essential_skills,optional_skills,has_skill_data,alt_labels,description
online marketer,esco,adjacent_tech,key_15817,2431,Advertising and marketing professionals,26,17,yes,graduate online marketer; online marketing specialist; online marketer; e-commerce marketing specialist; social media marketing coordinator; digital marketer; internet marketer; internet marketing specialist,"Online marketers use e-mail, internet and social media in order to market goods and brands."
ICT application configurator,esco,core_ict,key_16005,2514,Applications programmers,17,61,yes,app configurator; ICT application configurator; software application configurator; application software configurator; application configurators,"ICT application configurators identify, record, and maintain user-specific application configurations based upon user requirements and business rules. They configure generic software systems in order to create a specific version applied to an organisation's context. These configurations range from adjusting basic parameters through the creation of business rules and roles in the ICT system to developing specific modules (including the configuration of Commercial off-the-shelf systems (COTS)). They also document configurations, perform configuration updates, and ensure the configurations are correctly implemented in the application."
ICT application developer,esco,core_ict,key_17442,2514,Applications programmers,19,74,yes,application software developers; ICT application developer; application designer; application developer; app software developer; software programmer; application software engineer,"ICT application developers implement the ICT (software) applications based on the designs provided using application domain specific languages, tools, platforms and experience."
embedded systems software developer,esco,core_ict,key_16235,2514,Applications programmers,16,58,yes,embedded system software programmer; embedded software developerl embedded systems engineer; embedded software programmer; embedded system software developer; embedded systems software developer; embedded systems designer; embedded systems software developers,"Embedded systems software developers program, implement, document and maintain software to be run on an embedded system."
industrial mobile devices software developer,esco,core_ict,key_17415,2514,Applications programmers,20,68,yes,industrial mobile devices software developer; industrial mobile devices software coder; handheld software developer; handheld programmer; industrial mobile devices software programmer,"Industrial mobile devices software developers implement applications software for specific, professional industrial mobile (handheld) devices, based on the industry needs, using general or specific development tools for device operating systems."
mobile application developer,esco,core_ict,key_15738,2514,Applications programmers,18,67,yes,app coder; app programmer; cell phone app developer; mobile app developer; app developer; mobile app specialist,"Mobile application developers implement applications software for mobile devices, based on the designs provided, using general or specific development tools for device operating systems."
numerical tool and process control programmer,esco,core_ict,key_16506,2514,Applications programmers,51,16,yes,numerical tool maker; numerical tool and process control programer; numerical tool setting operator; numerical process control tool setting operator; numerical tool machine set up operator; numerical process control  set up operator; numerical tool setter; numerical tool l programme setter,"Numerical tool and process control programmers develop computer programs to control automatic machines and equipment involved in manufacturing processes. They analyse blueprints and job orders, conduct computer simulations and trial runs."
audio-visual technician,esco,core_ict,key_16604,3521,Broadcasting and audiovisual technicians,12,19,yes,audiovisual assistant; audio & video operator; audio and video operator; audio technician; audio-video operator; video technician; audio-visual assistant; audio-video technician,"Audio-visual technicians set up, operate and maintain equipment to record and edit images and sound for radio and television broadcasts, at live events and for telecommunication signals."
boom operator,esco,core_ict,key_16101,3521,Broadcasting and audiovisual technicians,16,12,yes,shotgun operator; boom holder; film boom operator; boom operator; production sound mixer assistant; sound equipment technician; shotgun microphone operator; TV boom operator,"Boom operators set up and operate the boom microphone, either by hand, on an arm or on a moving platform. They make sure that every microphone is correctly stationed on set and in the best position to capture the dialogues. Boom operators are also responsible for the microphones on the actors clothing."
broadcast technician,esco,core_ict,key_18149,3521,Broadcasting and audiovisual technicians,19,22,yes,broadcast transmitter operator; broadcast engineering technician; broadcast technician; broadcasting technician; radio and TV technician; broadcasting engineer; broadcast technicians; broadcast transmitting equipment operator,"Broadcast technicians install, start up, maintain, monitor and repair equipment used for the transmission and reception of television and radio broadcast signals. They ensure that all materials are available in a suitable format of transmittable quality according to the transmission deadline. Broadcast technicians also maintain and repair this equipment."
camera operator,esco,core_ict,key_16525,3521,Broadcasting and audiovisual technicians,23,21,yes,cameraman; camerawoman; camera crane operator; towercam operator; railcam operator; remote head operator; videographer; steadicam operator,"Camera operators setup and operate digital film cameras to shoot domestic motion pictures or television programs. They work together with the video and motion picture director, the director of photography, or the private client. Camera operators give advice on how to shoot scenes to actors, the video and motion picture director and other camera operators."
performance rental technician,esco,core_ict,key_16029,3521,Broadcasting and audiovisual technicians,27,19,yes,performance rental monitor; load cell hire technician; rental equipment performance technician; rental equipment performance engineer; performance rental technician; sound equipment hire technician; lighting hire equipment technician; venue performance monitor,"Performance rental technicians prepare, maintain, issue, transport, set‐up, program, operate, take in, check, clean and store audiovisual, performance and event equipment. Their work is based on plans, instructions and order forms."
performance video operator,esco,core_ict,key_15238,3521,Broadcasting and audiovisual technicians,32,27,yes,visual and graphic operator; projection operator; video operator; video projection operator; visuals operator; video and graphics technician; video and graphics operator; video projection technician,"Performance video operators control the (projected) images of a performance based on the artistic or creative concept, in interaction with the performers. Their work is influenced by and influences the results of other operators. Therefore, the operators work closely together with the designers, operators and performers. Performance video operators prepare media fragments, supervise the setup, steer the technical crew, program the equipment and operate the video system. Their work is based on plans, instructions and other documentation."
projectionist,esco,core_ict,key_17800,3521,Broadcasting and audiovisual technicians,8,8,yes,projectionist; projector booth operator; digital cinema projectionist; cinema projectionist; projection operator; booth operator; movie projector operator; film projectionist,Projectionists operate and maintain projection equipment in cinema theatres. They inspect the movie films before loading them into the projector. Projectionist make sure that everything runs smoothly during the projection of the movie. They also are responsible for the proper storage of movie films.
recording studio technician,esco,core_ict,key_17210,3521,Broadcasting and audiovisual technicians,21,21,yes,studio sound engineer; recording technician; sounds technician; studio technician; audio restorer; recording studio audio engineer; recording studio sound technician; re-recording mixer,Recording studio technicians operate and maintain microphones and headsets in recording booths in recording studios. They operate mixing panels. Recording studio technicians manage all sound production requirements. They advise singers on the use of their voice. Recording studio technicians edit recordings into a finished product.
sound designer,esco,core_ict,key_16652,3521,Broadcasting and audiovisual technicians,42,31,yes,sound designer and music composer; music composer & sound designer; audio engineer and sound artist; audio designer; audio engineer and sound designer; music and sound artist; sound designer & audio engineer; sound artist and audio engineer,"Sound designers develop a sound design concept for a performance and supervise the execution of it. Their work is based on research and artistic vision. Their design is influenced by and influences other designs and must be conform with these designs and the overall artistic vision. Therefore, the designers work closely with artistic directors, operators and the artistic team. Sound designers prepare audio fragments to be used in a performance, which can involve recording, composing, manipulating and editing. Sound designers develop plans, cue lists and other documentation to support the operators and production crew. Sound designers sometimes also work as autonomous artists, creating sound art outside a performance context."
sound editor,esco,core_ict,key_15831,3521,Broadcasting and audiovisual technicians,17,16,yes,dialogue editor; music supervisor; dubbing manager; sound designer; audio editor; ADR editor; foley editor; music editor,"Sound editors create the soundtrack and sound effects for motion pictures, television series or other multimedia productions. They are responsible for all the music and sound featured in the movie, series or videogames. Sound editors use equipment to edit and mix image and sound recordings and make sure that the music, sound and dialogue is synchronised with and fits in the scene. They work closely together with the video and motion picture editor."
sound mastering engineer,esco,core_ict,key_15597,3521,Broadcasting and audiovisual technicians,11,6,yes,mastering engineer; mastering technician; mixing and mastering engineer; audio mastering engineer; audio mastering operator; mixing & mastering sound engineer; digital mastering technician,"Sound mastering engineers convert finished recordings to the desired format such as CD, vinyl and digital. They ensure the quality of the sound on all formats."
sound operator,esco,core_ict,key_15330,3521,Broadcasting and audiovisual technicians,42,28,yes,sound board technician; sound board operator; audio operator; sound operator; audio board operator; sound audio technician; sound mixer,"Sound operators control the sound of a performance based on the artistic or creative concept, in interaction with the performers. Their work is influenced by and influences the results of other operators. Therefore, the operators work closely together with the designers and performers. They prepare audio fragments, supervise the setup, steer the technical crew, program the equipment and operate the sound system. Their work is based on plans, instructions and other documentation."
video technician,esco,core_ict,key_17161,3521,Broadcasting and audiovisual technicians,22,18,yes,audio-video specialist; image technician; video technician; audio visual specialist; audio visual technician; AV technician; video/graphics technician; audio video specialist,"Video technicians set up, prepare, check and maintain equipment in order to provide optimal projected image quality for a live performance. They cooperate with road crew to unload, set up and operate video equipment and instruments."
ICT network technician,esco,core_ict,key_16395,3513,Computer network and systems technicians,20,16,yes,ICT network technician; IT network technician; network maintenance professional; assistant network administrator; network technician; system engineer; network engineer; network technicians,"ICT network technicians install, maintain and troubleshoot networks, data communications equipment and network installed devices such as printers and storage area networks. They also analyse and fix network-related problems reported by users."
aviation data communications manager,esco,core_ict,key_16249,3513,Computer network and systems technicians,13,2,yes,aviation data communications contractor; aviation data communications  specialist; aviation data communications manager; data communications manager in aviation; aviation data communications officer; aviation data communications consultant; aviation sector data manager,"Aviation data communications managers perform the planning, implementation and maintenance of data transmission networks. They support data processing systems linking participant user agencies to central computers."
ICT capacity planner,esco,core_ict,key_16000,2523,Computer network professionals,17,31,yes,IT capacity planner; ICT capacity planners; ICT performance manager; IT capability planner; ICT capability manager; ICT capacity planner,"ICT capacity planners ensure that the capacity of ICT services and ICT infrastructure is able to deliver agreed service level targets in a cost effective and timely manner. They also consider all resources required to deliver the appropriate ICT service, and plan for short, medium, and long term business requirements."
ICT network architect,esco,core_ict,key_17833,2523,Computer network professionals,26,27,yes,network architects; network designer; ICT network architect,"ICT network architects design the topology and connectivity of ICT network such as hardware, infrastructure, communication and hardware components."
ICT network engineer,esco,core_ict,key_17653,2523,Computer network professionals,21,76,yes,networks designer; network engineers; network configurator; ICT network engineer; networks engineer; network developer; networks developer,"ICT network engineers implement, maintain and support computer networks. They also perform network modelling, analysis, and planning. They may also design network and computer security measures. They may research and recommend network and data communications hardware and software."
data entry clerk,esco,adjacent_tech,key_16384,4132,Data entry clerks,10,24,yes,data-entry clerk; data steward; data entry officer; payment entry clerk; data-entry officer; statistical clerk; data entry operator; data entry inspector,"Data entry clerks update, maintain and retrieve information held on computer systems. They prepare source data for computer entry by compiling and sorting information, process customer and account source documents by reviewing data for deficiencies and verify entered customer and account data."
ICT resilience manager,esco,core_ict,key_17202,2529,Database and network professionals not elsewhere classified,19,18,yes,vulnerability manager; manager for vulnerability; manager for IT resilience; IT resilience manager; ICT resilience manager; disaster recovery manager; manager for disaster recovery,"ICT resilience managers research, plan and develop models, policies, methods, techniques and tools that enhance an organisation's cyber security, resilience and disaster recovery."
ICT security administrator,esco,core_ict,key_15218,2529,Database and network professionals not elsewhere classified,21,33,yes,system security administrator; information security administrator; network security administrator; ICT security administrator; ICT security administrators; IT security administrator; CISO,"ICT security administrators plan and carry out security measures to protect information and data from unauthorised access, deliberate attack, theft and corruption."
ICT security engineer,esco,core_ict,key_15320,2529,Database and network professionals not elsewhere classified,36,42,yes,IT security expert; IT security consultant; ICT security consultant; information communications technology security consultant; ICT security architect; consultant in ICT security activities; IT security advisor; ICT security advisor,"ICT security engineers advise and implement solutions to control access to data and programs and ensure the protection of the organization's mission and business processes. ICT security engineers are the gatekeepers of information within an organization or product by being responsible for the protection and security of the related systems. They are in charge of the network and systems in a security capacity and design, plan and execute the system's security architecture, including reference models, segment and solution architectures, and security policies and procedures. They update and upgrade the security systems in response to security-related incidents. ICT security engineers collaborate with the security team to identify, validate, and levy requirements and to participate in target selection, validation, synchronization and execution of cyber actions. They collaborate with other planners, operators and or analysts to provide post-event analysis."
ICT security manager,esco,core_ict,key_16625,2529,Database and network professionals not elsewhere classified,21,41,yes,ICT security manager; ICT security chief; ICT technical security expert; IT security manager; information security manager; security coordinator; IT security chief,"ICT security managers propose and implement necessary security updates. They advise, support, inform and provide training and security awareness and take direct action on all or part of a network or system."
chief ICT security officer,esco,core_ict,key_15651,2529,Database and network professionals not elsewhere classified,29,35,yes,head of IT security; chief ICT security officers; chief information security officer; chief ICT security officer; CISO; information security and data protection officer; information security administrator; head IT security officer,"Chief ICT security officers protect company and employee information against unauthorized access. They also define the Information System security policy, manage security deployment across all Information Systems and ensure the provision of information availability."
digital forensics expert,esco,core_ict,key_15313,2529,Database and network professionals not elsewhere classified,23,38,yes,ICT forensics expert; information forensics expert; computer forensics expert; computer forensics investigator; digital forensics analyst; digital forensics expert; cyber forensics expert; digital forensics specialist,"Digital forensics experts retrieve and analyse information from computers and other types of data storage devices. They examine digital media that may have been hidden, encrypted or damaged, in a forensic manner with the aim to identify, preserve, recover, analyse and present facts and opinions about the digital information."
embedded systems security engineer,esco,core_ict,key_15512,2529,Database and network professionals not elsewhere classified,29,8,yes,internet of thing security engineer; cyber security engineer; IoT security engineer; cybersecurity engineer,"Embedded systems security engineers advise and implement solutions to control access to data and programs in embedded and connected systems. They help ensuring the safe operation of products with embedded systems and connected devices by being responsible for the protection and security of the related systems and design, plan and execute security measures accordingly. Embedded systems security engineers help to keep attackers at bay by implementing safeguards that prevent intrusions and breaches."
ethical hacker,esco,core_ict,key_16614,2529,Database and network professionals not elsewhere classified,19,41,yes,cybersecurity specialist; system security tester; penetration tester; vulnerability analyst; ICT security tester; ethical hacker; network security tester,"Ethical hackers perform security vulnerability assessments and penetration tests in accordance with industry-accepted methods and protocols. They analyse systems for potential vulnerabilities that may result from improper system configuration, hardware or software flaws, or operational weaknesses."
knowledge engineer,esco,core_ict,key_16744,2529,Database and network professionals not elsewhere classified,23,64,yes,knowledge engineer; knowledge officer; information engineer; linked data engineer; taxonomist; knowledge engineers,"Knowledge engineers integrate structured knowledge into computer systems (knowledge bases) in order to solve complex problems normally requiring a high level of human expertise or artificial intelligence methods. They are also responsible for eliciting or extracting knowledge from information sources, maintaining this knowledge, and making it available to the organisation or users. To achieve this, they are aware of knowledge representation and maintenance techniques (rules, frames, semantic nets, ontologies) and use knowledge extraction techniques and tools. They can design and build expert or artificial intelligence systems that use this knowledge."
data warehouse designer,esco,core_ict,key_15421,2521,Database designers and administrators,28,80,yes,data warehouse designer; data warehouse architect; data warehouse developer,"Data warehouse designers are responsible for planning, connecting, designing, scheduling, and deploying data warehouse systems. They develop, monitor and maintain ETL processes, reporting applications and data warehouse design."
database administrator,esco,core_ict,key_16880,2521,Database designers and administrators,27,39,yes,database manager; database administrators; database administrator; data administrator; data manager; database configurator; DBA; data base administrator,"Database administrators test, implement and administer computer databases. They use their expertise in database management systems to plan, coordinate and implement security measures to safeguard computer databases. They also use scripts and configuration files to tailor a database to users' needs."
database designer,esco,core_ict,key_16898,2521,Database designers and administrators,27,74,yes,data model designer; data architect; database designer; data base designer; database designers; data base designers; database architect; database design engineer,"Database designers specify the database's logical structure, processes, and information flows. They design data models and databases to serve data acquisition."
database developer,esco,core_ict,key_17294,2521,Database designers and administrators,20,95,yes,database programmer; database development engineer; database design specialist; database coder; database developer; data base developer; database developers; data base developers,"Database developers program, implement and coordinate changes to computer databases based on their expertise of database management systems."
database integrator,esco,core_ict,key_15915,2521,Database designers and administrators,16,46,yes,data integrator; database development specialist; database integrator; database integrators; data base integrators; data base integrator,Database integrators perform integration among different databases. They maintain integration and ensure interoperability.
3D printing technician,esco,adjacent_tech,key_16100,3118,Draughtspersons,18,19,yes,3D printing operator; printing machine technician; 3D print service technician; printer repairman; 3D printing repairer; 3D printing technician; 3D printing repairman; print service technician,"3D printing technicians assist in the designing and programming of products, ranging from prosthetic products to 3D miniatures. They may also provide 3D printing maintenance, check 3D renders for customers and run 3D printing tests. 3D printing technicians can also repair, maintain and clean 3D printers."
computer hardware engineering technician,esco,adjacent_tech,key_15859,3114,Electronics engineering technicians,23,60,yes,IT engineering technician; computer hardware engineering technician; technician in IT hardware; computer hardware technician; PC hardware engineering technician; PC hardware technician; IT hardware engineering technician; computer engineering technician,"Computer hardware engineering technicians collaborate with computer hardware engineers in the development of computer hardware, such as motherboards, routers, and microprocessors. Computer hardware engineering technicians are responsible for building, testing, monitoring, and maintaining the developed computer technology."
computer hardware test technician,esco,adjacent_tech,key_17466,3114,Electronics engineering technicians,24,21,yes,computer hardware testing technician; hardware tester; computer hardware inspector; inspection technician in computer hardware; computer hardware inspection technician; computer hardware tester; computer hardware test technician; inspector of computer hardware,"Computer hardware test technicians conduct testing of computer hardware such as circuit boards, computer chips, computer systems, and other electronic and electrical components. They analyse the hardware configuration and test the hardware reliability and conformance to specifications."
computer hardware engineer,esco,adjacent_tech,key_16936,2152,Electronics engineers,62,69,yes,engineer in computer hardware and network; computer hardware engineering consultant; IT hardware specialist; engineer of PC hardware; computer hardware engineering adviser; computer hardware technology engineering consultant; computer hardware technology engineering adviser; IT hardware engineer,"Computer hardware engineers design and develop computer hardware systems and components, such as circuit boards, modems, and printers. They draught blueprints and assembly drawings, develop and test the prototypes, and supervise the production process."
electronics engineer,esco,adjacent_tech,key_16103,2152,Electronics engineers,25,29,yes,electronic technology engineering consultant; electro engineer; electronics engineering expert; electronics engineering consultant; electronics engineering specialist; electronic technology engineer; electronic technology engineering expert; electronics engineering adviser,"Electronic engineers research, design, and develop electronic systems such as circuits, semiconductor devices, and equipment that use electricity as a source of power. They work with capacitators, transistors, diodes or resistors to create electronic circuits and applications of use in fields such as telecommunications, acoustics, instruments, and control."
power electronics engineer,esco,adjacent_tech,key_16718,2152,Electronics engineers,37,31,yes,power electronics technology engineer; engineer of power electronics; power electronics engineering specialist; power electronics engineering expert; power electronics engineering consultant; power electronics design engineer; power electronics testing engineer,Power electronics engineers design and test circuits for use in power electronics systems. They find solutions for known flaws in mechanical designs and collaborate with other engineers to perform cross-functional tasks when testing designs.
robotics engineer,esco,adjacent_tech,key_16198,2149,Engineering professionals not elsewhere classified,15,34,yes,robotic engineer; robotics engineering consultant; engineer of robotics; robotics engineering specialist; autonomous systems engineer; robotics engineer; engineer in robotics; robotic technology engineering specialist,"Robotics engineers design and develop robotic devices and applications in combination with mechanical engineering principles. They use pre-established designs and current developments for improving or inventing systems, machinery and equipment. They combine several knowledge fields such as computing, engineering, and electronics in the development of new engineering applications."
animation director,esco,adjacent_tech,key_15765,2654,"Film, stage and related directors and producers",15,26,yes,animation process director; cartoon animation director; animation supervisor; animation technical director; technical animation supervisor; sequence animation director; animation design director; supervising animator,"Animation directors supervise and recruit multimedia artists. They are responsible for the quality of the animation, that the production is delivered on time and within budget."
big data archive librarian,esco,adjacent_tech,key_16114,3433,"Gallery, museum and library technicians",20,49,yes,documentation archivist; computer tape librarian; digital documentation archivist; archive librarian; big data archive librarian; digital archivists,"Big data archive librarians classify, catalogue and maintain libraries of digital media. They also evaluate and comply with metadata standards for digital content and update obsolete data and legacy systems."
digital prototyper,esco,adjacent_tech,key_15469,7532,Garment and related pattern-makers and cutters,14,5,yes,pattern making machine operator; digital pattern maker; digital prototyper; digital prototype technician; digital patternmaker; digital prototype operator,Digital prototypers transform paper pattern into digital form using special computer software. They operate and monitor machines which make different products related to clothing.
3D animator,esco,core_ict,key_16175,2166,Graphic and multimedia designers,13,8,yes,3D animators; computer-generated imagery animator; 3D animator; CGI animator; CGI designer; 3D designer,"3D animators are in charge of animating 3D models of objects, virtual environments, layouts, characters and 3D virtual animated agents."
3D modeller,esco,core_ict,key_17407,2166,Graphic and multimedia designers,14,56,yes,3D modellers; 3D texturing artist; 3D modeler; CGI modeller; computer-generated imagery modeller; 3D artist; 3D developer; 3D specialist,"3D modellers design 3D models of objects, virtual environments, layouts, characters, and 3D virtual animated agents."
animation layout artist,esco,core_ict,key_16964,2166,Graphic and multimedia designers,17,24,yes,layout technical director; layout animator; background layout artist; set up technical director; 2D layout artist; 3D layout artist; 3D layout animator; senior layout artist,"Animation layout artists work with the cameramen and director to coordinate and create optimal 3D animation shots. They translate 2D storyboards into 3D animated shots and are responsible for camera angles, frames and lighting of animation scenes. Animation layout artists decide which action takes place in which animation scene."
animator,esco,core_ict,key_16038,2166,Graphic and multimedia designers,16,29,yes,animators; computer animation artist; animation designer; 3D animation artist; cartoon animator; 2D animator; hand-drawn animator; computer animator,"Animators use software to create animations, these are rapidly sequenced together images to create an illusion of movement."
desktop publisher,esco,core_ict,key_16635,2166,Graphic and multimedia designers,17,20,yes,desktop-publishing editor; web publications designer; financial desktop publisher; desktop publishing graphic designer; DTP operator; advanced desktop publilsher; layout editor; desktop publisher,"Desktop publishers are responsible for the layout of publications. They use computer software to arrange texts, photographs and other materials in a pleasing and readable finished product."
digital artist,esco,core_ict,key_17724,2166,Graphic and multimedia designers,15,12,yes,digital compositor; digital games artist; digital sculptor; computer-generated imagery artist; digital designer and animator; computer artist; digital artist; digital matte painter,"Digital artists create art which applies digital technology as an essential part of the creative process. Digital art is usually created using computers or more specialised digital equipment. It may be enjoyed using the same instruments, shared over the internet, or presented using more traditional media."
digital games designer,esco,core_ict,key_17730,2166,Graphic and multimedia designers,17,77,yes,digital games designers; digital game designer; video games designer; virtual games designer; digital games designer; computer games designer,"Digital games designers develop the layout, logic, concept and gameplay of a digital game. They focus on playfield design, specification writing, and entry of numeric properties that balance and tune the gameplay."
digital media designer,esco,core_ict,key_17722,2166,Graphic and multimedia designers,16,77,yes,interactive media designer; multimedia developer; new media designer; digital media engineer; digital media designers; digital multimedia designer; digital media designer; digital media developer,"Digital media designers create and edit graphics, animations, sound, text and video to assist in the creation of integrated multimedia products. They may perform activities related to the web, social networks, augmented reality and virtual reality but exclude the production of music using physical instruments and complex software sound synthesis tools. Digital media designers may program and build websites, mobile applications and other multimedia products."
gambling games designer,esco,core_ict,key_15378,2166,Graphic and multimedia designers,11,8,yes,"gambling game designer; gambling games creator; lottery games designer; gambling, betting, and lottery games designer; games creator; lottery games creator; games designer; betting games creator","Gambling games designers design innovative gambling, betting and lottery games. They determine the design, gaming rules or structure of a game. Gambling games designers may also demonstrate the game to individuals."
graphic designer,esco,core_ict,key_16452,2166,Graphic and multimedia designers,15,39,yes,commercial graphic designer; commercial designer; graphic designer; graphic design expert; graphics designer; advertising artist; graphic artist; graphic design specialist,"Graphic designers create text and images to communicate ideas. They make visual concepts by hand or using computer software, intended for publishing in paper or online media such as advertisements, websites, and magazines."
illustrator,esco,core_ict,key_15502,2166,Graphic and multimedia designers,16,19,yes,illustrator; medical illustrator; inker; pyrographic artist; comic strip artist; tattoo drawer; court room sketcher; storyboard artist,"Illustrators provide a visual representation that corresponds to the content of the associated text or idea. Illustrators can work for books, magazines, journals, comic books and other publications."
performance lighting designer,esco,core_ict,key_15249,2166,Graphic and multimedia designers,41,27,yes,lighting designer; lighting technician and designer; lighting designer & technician; performance lighting creator; lighting technician & designer; lighting designer and technician; theatre lighting designer,"Performance lighting designers develop a lighting design concept for a performance and supervise the execution of it. Their work is based on research and artistic vision. Their design is influenced by and influences other designs and must be conform with these designs and the overall artistic vision. Therefore, the designers work closely with artistic directors, operators and the artistic team. During rehearsals and performance, they coach the operators to obtain optimal timing and manipulation. Performance lighting designers develop lighting plots, cue lists and other documentation to support the operators and production crew. They sometimes also work as autonomous artists, creating light art outside a performance context."
performance video designer,esco,core_ict,key_17600,2166,Graphic and multimedia designers,27,21,yes,projection & video designer; video designer; graphics and video designer; video & graphics designer; video and projection designer; visual designer; projection designer; projection and video designer,"Performance video designers develop a projected image design concept for a performance and supervise the execution of it. Their work is based on research and artistic vision. Their design is influenced by and influences other designs and must be conform with these designs and the overall artistic vision. Therefore, the designers work closely with artistic directors, operators and the artistic team. Performance video designers prepare media fragments to be used in a performance, which can involve recording, composing, manipulating and editing. They develop plans, mapping, cue lists and other documentation to support the operators and production crew. They sometimes also work as autonomous artists, creating video art outside a performance context."
special effects artist,esco,core_ict,key_17300,2166,Graphic and multimedia designers,16,16,yes,special effect image designer; special effects artist; special effects animator; digital effects specialist; visual effects artist; special effects technician; senior special effects artist; digital effects artist,"Special effects artists create illusions for movies, videos and computer games. They use computer software."
stop-motion animator,esco,core_ict,key_15834,2166,Graphic and multimedia designers,10,16,yes,stop motion animation specialist; 3D stop-motion animator; puppet animator; stop motion animator; stop motion animators; 2D stop-motion animator; stop-motion clay animator; stop-motion animator,Stop-motion animators create animations by using puppets or clay models.
clinical informatics manager,esco,adjacent_tech,key_17978,1342,Health services managers,26,30,yes,clinical informatics manager; health informatics director; clinical informatics director; clinical information systems manager; health informatics manager; manager of clinical informatics; supervisor of clinical informatics; clinical information systems supervisor,"Clinical informatics managers oversee the daily operations of information systems used in a medical institutions. They also carry out research, using their understanding of clinical practices to find ways to improve healthcare services."
data centre operator,esco,core_ict,key_16993,3511,Information and communications technology operations technicians,15,35,yes,data centre operators; data center operator; data center administrator; data centre employee,"Data centre operators maintain computer operations within the data centre. They manage daily activities within the centre to solve problems, maintain the system availability, and evaluate the system's performance."
ICT account manager,esco,core_ict,key_16846,2434,Information and communications technology sales professionals,21,18,yes,IT account manager; ICT account manager; ICT key account manager; IT key account manager; ICT account managers,"ICT account managers build business relationships with customers to facilitate the sale of hardware, software, telecommunications or ICT services. They also identify opportunities and manage sourcing and delivery of products to customers. They achieve sales targets and maintain profitability."
ICT business development manager,esco,core_ict,key_16236,2434,Information and communications technology sales professionals,16,16,yes,IT commercial development manager; IT business development manager; ICT commercial development manager; ICT business development manager; ICT business development managers,"ICT business development managers increase business opportunities for the organisation and develop strategies that will enhance the smooth running of the organisation, product development and product distribution. They negotiate prices and establish contract terms."
ICT presales engineer,esco,core_ict,key_15431,2434,Information and communications technology sales professionals,12,22,yes,ICT presale support; IT presales technician; ICT presales engineer; ICT presales engineers; IT presales engineer; ICT presales technician,"ICT presales engineers actively drive and manage the ICT evaluation stage of the sales process, working in conjunction with the sales team. They provide technical guidance to pre-sales personnel and plan and modify product ICT configurations to meet client requirements. They pursue additional business development opportunities."
technical sales representative in electronic and telecommunications equipment,esco,core_ict,key_16505,2434,Information and communications technology sales professionals,29,0,yes,electronic and telecommunications equipment  field saleswoman; senior technical sales engineer in electronic and telecommunications equipment; graduate technical sales representative in electronic and telecommunications equipment; electronic and telecommunications equipment outside technical sales representative; electronic and telecommunications equipment  inside technical sales representative; trainee technical sales engineer in electronic and telecommunications equipment; electronic and telecommunications equipment field salesman; electronic and telecommunications equipment field salesperson,Technical sales representatives in electronic and telecommunications equipment act for a business to sell its merchandise while providing technical insight for customers.
ICT documentation manager,esco,core_ict,key_16333,1330,Information and communications technology service managers,18,19,yes,technical communication manager; IT documentation manager; documentation manager; ICT documentation manager; ICT documentation managers,"ICT documentation managers are in charge of managing the documentation development process in accordance with legal requirements, standards, organisational policies and goals. They schedule, control and direct the resources, people, funding and facilities of the documentation department (including establishing budgets and timelines, risk analysis and quality management). They also develop documentation standards, structuring methods and media concepts to effectively communicate product concepts and usage."
ICT environmental manager,esco,core_ict,key_17588,1330,Information and communications technology service managers,20,18,yes,information and communication technologies environmental manager; information technologies environmental manager; ICT environment managers; ICT environment manager; IT environmental manager; ICT environmental manager,"ICT environmental managers know the green ICT legal framework, understand the role of the ICT network configurations in the economy and energy resources deployment and evaluate the impact of CO2 footprint of each ICT resource in the organisation's network. They plan and manage the implementation of environmental strategies for ICT networks and systems by conducting applied research, developing organisational policy, and devising strategies to meet sustainability targets. They ensure that the whole organisation uses ICT resources in a way that is as friendly as possible for the environment."
ICT information and knowledge manager,esco,core_ict,key_16741,1330,Information and communications technology service managers,25,15,yes,IT knowledge manager; ICT information and knowledge manager; IT information and knowledge manager; IT information manager; ICT knowledge manager; chief technology officer; ICT information manager,"ICT information and knowledge managers contribute to the definition of organisational information strategy and apply information and knowledge creation, editing, storage, and distribution policies. They manage the maintenance and evolution of structured and unstructured information. They create digital structures to enable exploitation and optimisation of information and knowledge, manage data analysis and enable business intelligence."
ICT operations manager,esco,core_ict,key_17991,1330,Information and communications technology service managers,16,22,yes,IT process manager; systems and networks manager; IT operations manager; data processing manager; ICT acquisitions manager; IT data processing manager; ICT operations managers; ICT operations manager,"ICT operations managers coordinate ICT services and infrastructure ensuring that the organisation has the required infrastructural resources. They also plan and monitor stages of either a business process or a computer process, negotiate contracts and take mitigation action in case of non-fulfilment of agreements. They oversee the day-to-day tasks involving infrastructure components, ICT systems and software."
ICT product manager,esco,core_ict,key_17185,1330,Information and communications technology service managers,22,26,yes,ICT product manager; ICT products manager; ICT products managers; IT product manager; ICT product managers; IT products manager,"ICT product managers analyse and define current and target status for ICT products, services or solutions. They estimate the cost effectiveness, points of risk, opportunities, strengths and weaknesses of products or services provided. ICT product managers create structured plans and establish time scales and milestones, ensuring optimisation of activities and resources."
ICT project manager,esco,core_ict,key_16864,1330,Information and communications technology service managers,21,46,yes,ICT project managers; web project manager; IT project manager; ICT project manager; IT projects manager; web projects manager,"ICT project managers schedule, control and direct the resources, people, funding and facilities to achieve the objectives of ICT projects. They establish budgets and timelines, perform risk analysis and quality management, and complete project closure reports."
ICT vendor relationship manager,esco,core_ict,key_17913,1330,Information and communications technology service managers,19,14,yes,ICT vendor relationship manager; ICT vendor relationship managers; IT vendor relations manager; ICT vendor relationships manager; ICT vendor relations manager; IT vendor relationship manager,"ICT vendor relationship managers establish and maintain positive business relationships between stakeholders (external or internal), by deploying activities which are compliant with organisational processes. They also manage the outsourcing process for the organisation's ICT department and the supply chain communications."
chief data officer,esco,core_ict,key_17855,1330,Information and communications technology service managers,12,43,yes,chief analytics officer; CDO; chief data officer; chief data officers,Chief data officers manage companies' enterprise-wide data administration and data mining functions. They ensure data are used as a strategic business asset at the executive level and implement and support a more collaborative and aligned information management infrastructure for the benefit of the organisation at large.
chief information officer,esco,core_ict,key_16769,1330,Information and communications technology service managers,23,65,yes,chief information officers; CIO; IT director; chief information officer,"Chief information officers define and implement the ICT strategy and governance. They determine necessary resources for the ICT strategy implementation, anticipate ICT market evolutions and company business needs. They contribute to the development of the organisation's strategic plan and ensure that the ICT infrastructure supports the organisation's overall operations and priorities."
chief technology officer,esco,core_ict,key_16667,1330,Information and communications technology service managers,21,58,yes,IT director; CTO; chief technology officer; information technology director; chief technology officers; chief digital officer,"Chief technology officers contribute to a company's technical vision and lead all aspects of technology development, according to its strategic direction and growth objectives. They match technology with business needs."
software manager,esco,core_ict,key_18012,1330,Information and communications technology service managers,21,25,yes,software applications manager; applications manager; ICT applications manager; software managers; soft manager; software manager,Software managers oversee the acquisition and development of software systems in order to provide support to all organisational units. They also monitor the results and quality of the different software solutions and projects implemented in the organisation.
telecommunications manager,esco,core_ict,key_15911,1330,Information and communications technology service managers,10,17,yes,telecommunications development manager; telecommunications technician supervisor; telecommunications installation manager; telecommunications equipment manager; telecommunications project manager; telecommunications systems manager; ICT manager; telecoms manager,"Telecommunications managers coordinate telecommunications staff activities for installing, troubleshooting, repairing and maintaining telecommunications equipment and infrastructure. They oversee the research, evaluation and implementation of new technologies and ensure a safe working environment for the employees. They supervise the inventory of supplies as well as user and customer assistance actions."
ICT help desk agent,esco,core_ict,key_17220,3512,Information and communications technology user support technicians,19,11,yes,ICT help desk agent; IT help desk advisor; ICT helpdesk agent; IT help desk agent; ICT help desk advisor; ICT helpdesk agents; ICT help desk agents; ICT service desk agent,"ICT help desk agents provide technical assistance to computer users, answer questions or solve computer problems for clients via telephone or electronically. They provide assistance concerning the use of computer hardware and software."
ICT help desk manager,esco,core_ict,key_15392,3512,Information and communications technology user support technicians,15,12,yes,software support manager; ICT service desk manager; ICT helpdesk managers; ICT helpdesk manager; technical support manager; ICT help desk managers; ICT help desk manager; IT helpdesk manager,ICT help desk managers monitor the delivery of technical support services to clients according to the predefined deadlines. They plan and organise the user support actions and troubleshoot ICT problems and issues. ICT help desk managers supervise the help desk team ensuring that the customers get the appropriate feedback and support. They also participate in developing customer service guidelines and in reinforcing the team.
ICT security technician,esco,core_ict,key_17142,3512,Information and communications technology user support technicians,18,60,yes,ICT security technician; IT security officer; ICT security officer; ICT security technicians; IT security technician,"ICT security technicians propose and implement necessary security updates and measures whenever is required. They advise, support, inform and provide training and security awareness."
ICT technician,esco,core_ict,key_15934,3512,Information and communications technology user support technicians,21,59,yes,ICT technician; IT officer; computer operator; IT engineer; IT technician; ICT engineer,"ICT technicians install, maintain, repair and operate information systems and any ICT related equipment (laptops, desktops, servers, tablets, smart phones, communications equipment, printers and any piece of computer related peripheral networks), and any type of software (drivers, operating systems, applications)."
ICT trainer,esco,adjacent_tech,key_17083,2356,Information technology trainers,12,30,yes,system trainer; ICT trainer; blended learning trainer; ICT instructor; ICT trainers; distance-learning trainer; IT trainer,"ICT trainers conduct training-needs analysis and design programs to train students in the use of software packages and information systems accordingly. They produce and update existing training materials (content and method), deliver effective training in classroom, online or informally, monitor, evaluate and report effectiveness of training. They maintain and update expertise on specialised ICT subjects and evaluate and report on students' performance."
data protection officer,esco,adjacent_tech,key_15429,2619,Legal professionals not elsewhere classified,27,16,yes,privacy officer; compliance officer data privacy; data protection and security officer; data protection advisor; data protection counsel; legal and data protection officer; GDPR expert; data protection legal advisor,"Data protection officers ensure that the processing of personal data in an organisation is compliant with data protection standards and with the obligations set out in the applicable legislation such as GDPR. They elaborate and implement the organisation policy related to data protection, are responsible for data protection impact assessments and handle complaints and requests from third parties and regulatory agencies. Data protection officers lead investigations into potential data breaches, conduct internal audits and act as point of contact within the organisation on any matters related to the processing of personal data. Data protection officers may develop training programmes and provide training to other employees on data protection procedures."
information manager,esco,adjacent_tech,key_15844,2622,Librarians and related information professionals,14,12,yes,knowledge manager; documentalist; information manager; information officer; information scientist; academic information coordinator,"Information managers are responsible for systems that provide information to people. They assure access to the information in different work environments (public or private) based on theoretical principles and hands-on capabilities in storing, retrieving and communicating information."
data entry supervisor,esco,adjacent_tech,key_17267,3341,Office supervisors,22,20,yes,data processing coordinator; data records supervisor; data entry coordinator; data entry supervisor; data processing supervisor; data control clerk supervisor; data entry clerks supervisor,Data entry supervisors manage the day-to-day operations of data entry staff. They organise the workflow and tasks.
robotics engineering technician,esco,adjacent_tech,key_16637,3119,Physical and engineering science technicians not elsewhere classified,27,34,yes,technician in robotic systems; technician in robotics engineering; robotics engineering technologist; robotics systems technologist; robotics mechanic; robotics engineering technician; automation engineering inspector; robotics inspector,"Robotics engineering technicians collaborate with engineers in the development of robotic devices and applications through a combination of mechanical engineering, electronic engineering, and computer engineering. Robotics engineering technicians build, test, install and calibrate robotic equipment."
industrial robot controller,esco,adjacent_tech,key_16140,3139,Process control technicians not elsewhere classified,12,21,yes,industrial robot operative; industrial robot controller; delta robot controller; robotic equipment operative; industrial robotics controller; robotic equipment controller; robotic welder programmer; industrial robot operator,"Industrial robot controllers operate and monitor industrial robots used in automation processes to perform various manufacturing activities such as lifting, welding and assembling. They ensure that the machines are working correctly and in sync with other industrial robots, maintain and repair defective parts, assess risks and perform tests."
online community manager,esco,adjacent_tech,key_15402,2432,Public relations professionals,47,11,yes,interactive media specialist; online community specialist; social media manager; social media strategist; online community manager; social media reachout manager; online reachout manager; online content and community manager,"Online community managers provide and maintain an interactive environment facilitated by applications such as social media, forums and wikis. They maintain the relations between different digital communities."
ICT research manager,esco,adjacent_tech,key_17073,1223,Research and development managers,18,31,yes,ICT innovation manager; technology innovation manager; IT research manager; ICT research managers; ICT research manager; IT innovation manager,"ICT research managers plan, manage and monitor research activities and evaluate emerging trends in the information and communication technology field to assess their relevance. They also design and oversee staff training on the use of new technology and recommend ways to implement new products and solutions that will maximise benefits for the organisation."
ICT teacher secondary school,esco,adjacent_tech,key_15324,2330,Secondary education teachers,37,22,yes,high school information and communication technology teacher; teacher of ICT in high school; computing teacher; high school ICT and computing teacher; ICT teacher; high school computing teacher; secondary school computing teacher; high school ICT teacher,"ICT teachers at secondary schools provide education to students, commonly children and young adults, in a secondary school setting. They are usually subject teachers, specialised and instructing in their own field of study, ICT. They prepare lesson plans and materials, monitor the studentsâ progress, assist individually when necessary, and evaluate the studentsâ knowledge and performance on the subject of ICT through assignments, tests and examinations."
ICT accessibility tester,esco,core_ict,key_16150,2519,Software and applications developers and analysts not elsewhere classified,20,28,yes,ICT accessibility tester; usability tester; accessibility test specialist; accessibility testers,"ICT accessibility testers evaluate websites, software applications, systems or user interface components with regards to friendliness, operability of the navigation and visibility to all types of users, especially including those with special needs or disabilities."
ICT auditor manager,esco,core_ict,key_16609,2519,Software and applications developers and analysts not elsewhere classified,19,24,yes,IT audit manager; ICT auditor managers; ICT audit manager; ICT auditor manager; information technology audit manager,"ICT auditor managers monitor ICT auditors responsible for auditing information systems, platforms, and operating procedures in accordance with established corporate standards for efficiency, accuracy and security. They evaluate ICT infrastructure in terms of risk to the organisation and establish controls to mitigate loss. They determine and recommend improvements in the current risk management controls and in the implementation of system changes or upgrades."
ICT change and configuration manager,esco,core_ict,key_15891,2519,Software and applications developers and analysts not elsewhere classified,17,20,yes,devops engineer; configuration manager; devops specialist; application lifecycle manager; software change and configuration manager,"ICT change and configuration managers organise and implement a process to manage changes throughout the lifecycle of ICT assets such as software, applications, ICT systems, etc. ICT change and configuration managers have a sound knowledge of the main technologies and processes used in system engineering and to manage the lifecycle of ICT systems and subsystems."
ICT disaster recovery analyst,esco,core_ict,key_15363,2519,Software and applications developers and analysts not elsewhere classified,21,25,yes,IT resilience analyst; disaster recovery officer; ICT resilience analysts; business continuity strategist; ICT disaster recovery analyst; IT disaster recovery analyst; business continuity analyst,"ICT disaster recovery analysts develop, maintain, and implement ICT continuity and disaster recovery strategies and solutions. They support the technical teams, assess the risks, design and develop procedures, documentation and strategies for disaster recovery in order for business functions to continue and recover with a minimal loss of data. They also coordinate the system backups tests and validations."
ICT integration tester,esco,core_ict,key_16566,2519,Software and applications developers and analysts not elsewhere classified,11,25,yes,integration testers; module compatibility tester; compatibility tester; ICT compatibility tester; ICT integration tester; module integration tester; IT compatibility tester,"ICT integration testers perform tests in groups of system components, units or even applications. They group them in larger aggregates and apply integration test plans on them. They oversee the complexity of relations between different components."
ICT quality assurance manager,esco,core_ict,key_17124,2519,Software and applications developers and analysts not elsewhere classified,16,23,yes,ICT quality manager; IT quality assurance manager; ICT quality assurance manager; ICT principal testing manager; principal test manager; ICT test manager; ICT quality assurance managers,"ICT quality assurance managers establish and operate an ICT quality approach through quality management systems, in compliance with internal and external standards and the organisation's culture. They ensure that the management controls are correctly implemented to safeguard asset, data integrity and operations. They focus on the achievement of quality goals, including the maintenance of the external certification according to quality standards and monitor statistics to forecast quality outcomes."
ICT system tester,esco,core_ict,key_16173,2519,Software and applications developers and analysts not elsewhere classified,12,30,yes,ICT systems testers; ICT systems tester; ICT systems test engineer; systems tester; IT system tester; ICT system tester,ICT system testers perform testing activities and some test planning activities. They may also debug and repair ICT systems and components although this mainly corresponds to designers and developers. They ensure that all systems and components function properly before delivering them to internal and external clients.
ICT test analyst,esco,core_ict,key_15292,2519,Software and applications developers and analysts not elsewhere classified,9,27,yes,test designer; ICT test analyst; IT test analyst,"ICT test analysts work in testing environments, assessing products, checking for quality and accuracy, or creating tests scripts. They design tests which are then implemented by testers."
ICT usability tester,esco,core_ict,key_16326,2519,Software and applications developers and analysts not elsewhere classified,17,29,yes,ICT usability tester; usability developer; usability testers; user-friendliness tester; usability specialist,"ICT usability testers ensure compliance with requirements and strive for optimal usability within the software engineering cycle phases (analysis, design, implementation, and deployment). They also work closely with users (analysts) to research for and document user profiles, analyse tasks, workflows, and user scenarios."
data quality specialist,esco,core_ict,key_16532,2519,Software and applications developers and analysts not elsewhere classified,19,18,yes,data quality specialists; data quality expert; data integrity officer; data quality specialist; data quality officer; data integrity specialist,"Data quality specialists review organisation's data for accuracy, recommend enhancements to record systems and data acquisition processes and assess referential and historical integrity of data. They also develop documents and maintain data quality goals and standards and oversee an organisation's data privacy policy and monitor compliance of data flows against data quality standards."
digital games tester,esco,core_ict,key_15797,2519,Software and applications developers and analysts not elsewhere classified,9,25,yes,digital games tester; digital games testers; digital game tester; computer games tester; virtual games tester; video games tester,Digital games testers review and test various genres of digital games by playing them in order to find bugs and glitches within the game's functionality or graphics. They may evaluate the capacity of attraction and playability of games. They may also debug the games themselves.
software tester,esco,core_ict,key_15367,2519,Software and applications developers and analysts not elsewhere classified,10,68,yes,software testing specialist; software testers; soft tester; unit tester; software application tester; module tester; software tester; application software tester,Software testers perform software tests. They may also plan and design them. They may also debug and repair software although this mainly corresponds to designers and developers. They ensure that applications function properly before delivering them to internal and external clients.
blockchain developer,esco,core_ict,key_15607,2512,Software developers,15,16,yes,decentralized ledger technology specialist; DLT specialist; blockchain engineer,"Blockchain developers implement or program blockchain-based software systems based on specifications and designs by using programming languages, tools, and blockchain platforms."
cloud engineer,esco,core_ict,key_15805,2512,Software developers,33,10,yes,cloud-native engineer; cloud software engineer; hybrid cloud engineer; cloud security engineer; cloud computing engineer; cloud solution engineer; cloud infrastructure engineer; cloud developer,"Cloud engineers are responsible for the design, planning, management and maintenance of cloud-based systems. They develop and implement cloud-applications, handle the migration of existing on-premise applications to the cloud, and debug cloud stacks."
software analyst,esco,core_ict,key_15224,2512,Software developers,19,79,yes,programming analyst; software requirement analyst; software analysts; software requirements analyst; analyst of software; software analyst; application analyst; programmer analyst,"Software analysts elicit and prioritise user requirements, produce and document software specifications, test their application, and review them during software development. They act as the interface between the software users and the software development team."
software architect,esco,core_ict,key_17665,2512,Software developers,19,68,yes,software architects; software architect; software designer; application architect,"Software architects create the technical design and the functional model of a software system, based on functional specifications. They also design the architecture of the system or different modules and components related to the business' or customer requirements, technical platform, computer language or development environment."
software developer,esco,core_ict,key_18007,2512,Software developers,24,80,yes,software specialist; software developers; programmer; application software developer; software engineer; solutions developer; applications engineer; developer of software,"Software developers implement or program all kinds of software systems based on specifications and designs by using programming languages, tools, and platforms."
user interface developer,esco,core_ict,key_16804,2512,Software developers,17,81,yes,user interface developers; UI developers; front end developer; user interface engineer; UI programmer; UI developer; user interface developer,"User interface developers implement, code, document and maintain the interface of a software system by using front-end development technologies."
ICT network administrator,esco,core_ict,key_16747,2522,Systems administrators,33,62,yes,network specialist; network support; networks administrator; ICT network administrator; network administrators; network manager,"ICT network administrators maintain operation of a reliable, secure, and efficient data communications network, including LAN, WAN, intranet, and internet. They perform network address assignment, management and implementation of routing protocols such as ISIS, OSPF, BGP, routing table configurations and certain implementations of authentication. They perform maintenance and administration of servers (file servers, VPN gateways, intrusion detection systems), desktop computers, printers, routers, switches, firewalls, phones, IP communications, personal digital assistants, smartphones, software deployment, security updates and patches as well as a vast array of additional technologies inclusive of both hardware and software."
ICT system administrator,esco,core_ict,key_17080,2522,Systems administrators,29,23,yes,IT systems administrator; system and networks administrator; ICT sysadmins; IT system administrator; network administrator; ICT system administrator; server administrator; system and network administrator,"ICT system administrators are responsible for the upkeep, configuration, and reliable operation of computer and network systems, servers, workstations and peripheral devices. They may acquire, install, or upgrade computer components and software; automate routine tasks; write computer programs; troubleshoot; train and supervise staff; and provide technical support. They ensure optimum system integrity, security, backup and performance."
system configurator,esco,core_ict,key_17021,2522,Systems administrators,14,78,yes,systems configurator; system setup professional; system configurator; ICT system configurator; IT system configurator; system configuration professional; system configurators,System configurators tailor a computer system to the organisation's and users' needs. They adjust the base system and software to the needs of the customer. They perform configuration activities and scripting and ensure communication with users.
ICT business analysis manager,esco,core_ict,key_16074,2511,Systems analysts,19,13,yes,IT business analysis director; IT business analysis manager; IT commercial analysis manager; lead IT business analyst; ICT business analysis managers; ICT commercial analysis manager; ICT business analysis manager,ICT business analysis managers identify areas where information system changes are needed to support business plans and monitor the impact in terms of change management. They contribute to the general ICT functional requirements of the business organisation. ICT business analysis managers analyse business needs and translate them into ICT solutions.
ICT business analyst,esco,core_ict,key_18148,2511,Systems analysts,17,19,yes,ICT business analyst; ICT business analysts; business process specialist; IT business analyst,"ICT business analysts are in charge of analysing and designing an organisation's processes and systems, assessing the business model and its integration with technology. They also identify change needs, assess the impact of the change, capture and document requirements and then ensure that these requirements are delivered whilst supporting the business through the implementation process."
ICT consultant,esco,core_ict,key_17301,2511,Systems analysts,21,16,yes,ICT ERP consultant; IT consultant; ICT consultant; ICT advisor; IT advisor,"ICT consultants provide advice on how to optimise the use of existing tools and systems, make recommendations for the development and implementation of a business project or technological solution and contribute to project definitions. They raise awareness on information technology innovations and their potential value to a business. They also participate in the assessment and choice of ICT solutions."
ICT intelligent systems designer,esco,core_ict,key_15816,2511,Systems analysts,28,55,yes,artificial intelligence designer; designer of intelligent systems; intelligent systems designers; intelligent system designer; ICT intelligent systems designer; semantic technologies engineer; machine learning systems designer; linked data engineer,"ICT intelligent systems designers apply methods of artificial intelligence in engineering, robotics and computer science to design programs which simulate intelligence including thinking models, cognitive and knowledge-based systems, problem solving, and decision making. They also integrate structured knowledge into computer systems (ontologies, knowledge bases) in order to solve complex problems normally requiring a high level of human expertise or artificial intelligence methods."
ICT research consultant,esco,core_ict,key_16513,2511,Systems analysts,49,23,yes,ICT research advisor; IT research consultant; IT research advisor; ICT research consultant; ICT research consultants; ICT research specialist; IT research specialist,"ICT research consultants perform targeted ICT research and provide a final report to the client. They also use ICT tools to design questionnaires for surveys, analyse the results, write reports, present the results and make recommendations based on the research findings."
ICT system analyst,esco,core_ict,key_17173,2511,Systems analysts,27,68,yes,ICT system analyst; system analyst; network analyst; ICT systems analyst; systems analyst; IT systems analyst; ICT system analysts; ICT systems analysts,"ICT system analysts specify the system needs to meet the end user requirements. They analyse system functions in order to define their goals or purposes and to discover operations and procedures for accomplishing them most efficiently. They also design new IT solutions to improve business efficiency and productivity, produce outline designs and estimate costs of new systems, specify the operations the system will perform, and the way data will be viewed by the end user. They present the design to the users and work closely with the users to implement the solution."
ICT system architect,esco,core_ict,key_17847,2511,Systems analysts,21,68,yes,ICT systems architects; IT system architect; systems architect; ICT system architect; ICT systems architect; solution architect; IT systems architect; information systems architect,"ICT system architects design architecture, components, modules, interfaces, and data for a multi-components system to meet specified requirements."
ICT system developer,esco,core_ict,key_17190,2511,Systems analysts,20,74,yes,ICT systems developers; IT system developer; system developer; systems programmer; ICT systems developer; system software developer; ICT system developers; systems developer,"ICT system developers maintain, audit and improve organisational support systems. They use existing or new technologies to meet particular needs. They test both hardware and software system components, diagnose and resolve system faults."
ICT system integration consultant,esco,core_ict,key_17449,2511,Systems analysts,17,29,yes,network integration consultant; application integration consultant; ICT system integration consultant; system integration consultants; systems integration consultant; systems integration consultants,ICT system integration consultants advise on bringing together different systems to interoperate within an organisation for enabling data sharing and reducing redundancy.
IT auditor,esco,core_ict,key_17637,2511,Systems analysts,19,18,yes,IT auditor; IT Quality Appraiser; ICT auditor; information technology auditor,"IT auditors perform audits of information systems, platforms, and operating procedures in accordance with established corporate standards for efficiency, accuracy and security. They evaluate ICT infrastructure in terms of risk to the organisation and establish controls to mitigate loss. They determine and recommend improvements in the current risk management controls and in the implementation of system changes or upgrades."
blockchain architect,esco,core_ict,key_16650,2511,Systems analysts,14,10,yes,decentralized ledger technology specialist; blockchain technology specialist; blockchain engineer; DLT specialist,"Blockchain architects are ICT system architects that are specialized in blockchain-based solutions. They design architecture, components, modules, interfaces, and data for a decentralized system to meet specified requirements."
computer scientist,esco,core_ict,key_17861,2511,Systems analysts,43,34,yes,IT scientist; ICT science researcher; computers scientist; ICT scientist; ICT research scientist; computer scientist; IT research scientist; IT researcher,"Computer scientists conduct research in computer and information science, directed toward greater knowledge and understanding of fundamental aspects of ICT phenomena. They write research reports and proposals. Computer scientists also invent and design new approaches to computing technology, find innovative uses for existing technology and studies and solve complex problems in computing."
computer vision engineer,esco,core_ict,key_15511,2511,Systems analysts,26,14,yes,computer vision applied scientist; computer vision specialist; computer vision expert,"Computer vision engineers research, design, develop, and train artificial intelligence algorithms and machine learning primitives that understand the content of digital images based on a large amount of data. They apply this understanding to solve different real-world problems such as security, autonomous driving, robotic manufacturing, digital image classification, medical image processing and diagnosis, etc."
data analyst,esco,core_ict,key_17704,2511,Systems analysts,30,22,yes,data warehousing analyst; data storage analyst; data warehouse analyst,"Data analysts import, inspect, clean, transform, validate, model, or interpret collections of data with regard to the business goals of the company. They ensure that the data sources and repositories provide consistent and reliable data. Data analysts use different algorithms and IT tools as demanded by the situation and the current data. They might prepare reports in the form of visualisations such as graphs, charts, and dashboards."
data scientist,esco,core_ict,key_15630,2511,Systems analysts,54,21,yes,data scientist; data research scientist; research data scientist; data expert; data engineer,"Data scientists find and interpret rich data sources, manage large amounts of data, merge data sources, ensure consistency of data-sets, and create visualisations to aid in understanding data. They build mathematical models using data, present and communicate data insights and findings to specialists and scientists in their team and if required, to a non-expert audience, and recommend ways to apply the data."
embedded system designer,esco,core_ict,key_15366,2511,Systems analysts,15,59,yes,embedded system developer; embedded software developer; embedded system programmer; embedded systems designers; embedded systems developer; embedded system designer; embedded systems programmer,Embedded system designers translate and design requirements and the high-level plan or architecture of an embedded control system according to technical software specifications.
enterprise architect,esco,core_ict,key_15704,2511,Systems analysts,22,67,yes,enterprise architects; enterprise architect; enterprise architecture manager; enterprise developer; enterprise designer,"Enterprise architects balance technological opportunities with business requirements. They also maintain a holistic view of the organisation's strategy, processes, information and ICT assets and link the business mission, strategy and processes to the ICT strategy."
green ICT consultant,esco,core_ict,key_15590,2511,Systems analysts,11,10,yes,green ICT consultants; IT environmental consultant; ICT environmental consultant; green IT consultant; green ICT consultant; ICT sustainability systems consultant,"Green ICT consultants advise organisations on their green ICT strategy and its implementation in the most effective and efficient manner to allow the organisation to reach their short, mid, and long term ICT environmental objectives."
integration engineer,esco,core_ict,key_15265,2511,Systems analysts,15,71,yes,software integration engineer; ICT integration engineers; IT integration engineer; system integration engineer; integration engineer,Integration engineers develop and implement solutions which coordinate applications across the enterprise or its units and departments. They evaluate existing components or systems to determine integration requirements and ensure that the final solutions meet organisational needs. They reuse components when possible and assist management in taking decisions. They perform ICT system integration troubleshooting.
user experience analyst,esco,core_ict,key_18106,2511,Systems analysts,17,28,yes,user experience officer; usability analyst; user experience analyst; user experience analysts,"User experience analysts assess client interaction and experience and analyse users' behaviours, attitudes, and emotions about the usage of a particular product, system or service. They make proposals for the improvement of the interface and usability of products, systems or services. In doing so, they take into consideration the practical, experiential, affective, meaningful and valuable aspects of human–computer interaction and product ownership, as well as the person's perceptions of system aspects such as utility, ease of use and efficiency, and user experience dynamics."
assistive technologist,esco,adjacent_tech,key_16117,2359,Teaching professionals not elsewhere classified,38,15,yes,educational technology advisor; educational technologist; special needs technologist; assistive technology technician; assistive technology assessor; educational assistive technologist; assistive  technology facilitator; IT disability support advisor,"Assistive technologists work to improve access to learning or/and improving independence and participation for individuals with disabilities. They do this through learner support and staff support with activities such as assessments, training and guidance. Assistive technologists have a good understanding of learners’ needs and a wide technology knowledge relevant to learning, living or work context. The role requires knowledge of assistive technology hardware and software such as text to speech, prediction, dictation, vision and physical access tools."
telecommunications engineering technician,esco,core_ict,key_17748,3522,Telecommunications engineering technicians,23,51,yes,communications administrator; telecommunications engineering technician; communication administrator; telecom administrator; telecommunications administrators; telecommunications administrator; telecoms administrator; telecommunication administrator,"Telecommunications engineering technician deploy, maintain and monitor a telecommunication system that provides interactions between data and voice communications, such as telephone, video conferencing, computer, and voicemail systems. They are also involved in the design, manufacturing, construction, maintenance and repair of telecommunication systems. Telecommunications engineering technicians provide technical assistance in the research and development of telecommunication equipment."
telecommunications analyst,esco,core_ict,key_17549,2153,Telecommunications engineers,24,9,yes,telecommunications consultant; telecommunications analyst; telecom analyst; telecoms analysts; communication analyst; communications analyst; telecommunications analysts; network planner,"Telecommunications analysts review, analyse and evaluate an organisation's telecommunications needs and systems. They provide training on the telecommunications system features and functionalities."
telecommunications engineer,esco,core_ict,key_15199,2153,Telecommunications engineers,22,66,yes,broadcast engineer; telecommunications designer; telecommunications technologist; communications designer; telecommunications engineers; communications engineer; transmission engineer; telecoms engineer,"Telecommunications engineers design, build, test and maintain telecommunication systems and networks, including radio and broadcasting equipment. They analyse customer needs and requirements, ensure that the equipment meets regulations, and prepare and present reports and proposals on telecommunication-related problems. Telecommunications engineers design and oversee the service delivery in all it's phases, supervising the installation and use of telecommunications equipment and facilities, preparing documentation and providing training for company staff once new equipment has been installed."
digital games developer,esco,core_ict,key_17085,2513,Web and multimedia developers,17,61,yes,video games developer; digital game developer; games programmer; digital games developers; virtual games developer; digital games developer; computer games developer,"Digital games developers program, implement and document digital games. They implement technical standards in gameplay, graphics, sound and functionality."
search engine optimisation expert,esco,core_ict,key_15274,2513,Web and multimedia developers,13,13,yes,search engine optimization expert; search engine optimisation specialist; search engine optimiser; SEO expert; SEO specialist; growth hacker; inbound marketer; SEO experts,Search engine optimisation experts increase the ranking of a company's web pages with regard to target queries in a search engine. They create and launch SEO campaigns and identify areas of improvement. Search engine optimisation experts may conduct pay per click (PPC) campaigns.
user interface designer,esco,core_ict,key_16989,2513,Web and multimedia developers,26,66,yes,user interface designer; UI designer; accessibility designer; user interface designers,"User interface designers are in charge of designing user interfaces for applications and systems. They perform layout, graphics and dialogues design activities as well as adaptation activities."
web content manager,esco,core_ict,key_17178,2513,Web and multimedia developers,29,21,yes,web content manager; digital content; content specialist; web content curatorspecialist; web content specialist; web content administrators; content curator,"Web content managers curate or create content for a web platform according to the long-term strategic goals, policies and procedures for an organisation's online content or their customers. They control and monitor compliance with standards, legal and privacy regulations and ensure web optimisation. They are also responsible for integrating the work of writers and designers to produce a final layout which is compatible with corporate standards."
web developer,esco,core_ict,key_17527,2513,Web and multimedia developers,21,77,yes,web developers; web engineer; web application developer; web programmer; web developer; web specialist,"Web developers develop, implement and document web-accessible software based on the designs provided. They align the client's web presence with its business strategy, troubleshoot software problems and issues and look for ways to improve the application."
webmaster,esco,core_ict,key_17795,3514,Web technicians,17,69,yes,webmasters; webmaster; website administrator; web administrator; web technician; e-commerce technician,"Webmasters deploy, maintain, monitor and support a web server to meet service requirements. They ensure optimum system integrity, security, backup and performance. They coordinate the content, quality and style of websites, execute the website strategy and update and add new features to websites."
AI Engineer,market,market_title,,,AI and Generative AI,0,0,no,,
AI Platform Engineer,market,market_title,,,AI and Generative AI,0,0,no,,
Applied AI Engineer,market,market_title,,,AI and Generative AI,0,0,no,,
LLM Engineer,market,market_title,,,AI and Generative AI,0,0,no,,
NLP Engineer,market,market_title,,,AI and Generative AI,0,0,no,,
Prompt Engineer,market,market_title,,,AI and Generative AI,0,0,no,,
AR/VR Developer,market,market_title,,,AR/VR and Spatial Computing,0,0,no,,
.NET Developer,market,market_title,,,Backend Development,0,0,no,,
API Developer,market,market_title,,,Backend Development,0,0,no,,
Back End Developer,market,market_title,,,Backend Development,0,0,no,,
C# Developer,market,market_title,,,Backend Development,0,0,no,,
Golang Developer,market,market_title,,,Backend Development,0,0,no,,
Java Developer,market,market_title,,,Backend Development,0,0,no,,
Microservices Architect,market,market_title,,,Backend Development,0,0,no,,
Node.js Developer,market,market_title,,,Backend Development,0,0,no,,
PHP Developer,market,market_title,,,Backend Development,0,0,no,,
Python Developer,market,market_title,,,Backend Development,0,0,no,,
Ruby on Rails Developer,market,market_title,,,Backend Development,0,0,no,,
Rust Developer,market,market_title,,,Backend Development,0,0,no,,
Smart Contract Engineer,market,market_title,,,Blockchain and Web3,0,0,no,,
Solidity Developer,market,market_title,,,Blockchain and Web3,0,0,no,,
AWS Solutions Architect,market,market_title,,,Cloud Computing,0,0,no,,
Azure Cloud Engineer,market,market_title,,,Cloud Computing,0,0,no,,
Cloud Architect,market,market_title,,,Cloud Computing,0,0,no,,
Cloud Infrastructure Engineer,market,market_title,,,Cloud Computing,0,0,no,,
Application Security Engineer,market,market_title,,,Cybersecurity,0,0,no,,
Cloud Security Engineer,market,market_title,,,Cybersecurity,0,0,no,,
Incident Response Analyst,market,market_title,,,Cybersecurity,0,0,no,,
Security Operations Analyst,market,market_title,,,Cybersecurity,0,0,no,,
Business Intelligence Developer,market,market_title,,,Data Analytics and BI,0,0,no,,
Power BI Developer,market,market_title,,,Data Analytics and BI,0,0,no,,
Tableau Developer,market,market_title,,,Data Analytics and BI,0,0,no,,
Analytics Engineer,market,market_title,,,Data Engineering,0,0,no,,
Big Data Engineer,market,market_title,,,Data Engineering,0,0,no,,
Data Engineer,market,market_title,,,Data Engineering,0,0,no,,
Data Modeler,market,market_title,,,Data Engineering,0,0,no,,
ETL Developer,market,market_title,,,Data Engineering,0,0,no,,
Build and Release Engineer,market,market_title,,,DevOps and Platform,0,0,no,,
DevOps Engineer,market,market_title,,,DevOps and Platform,0,0,no,,
DevSecOps Engineer,market,market_title,,,DevOps and Platform,0,0,no,,
Developer Experience Engineer,market,market_title,,,DevOps and Platform,0,0,no,,
Kubernetes Engineer,market,market_title,,,DevOps and Platform,0,0,no,,
Platform Engineer,market,market_title,,,DevOps and Platform,0,0,no,,
SEO Specialist,market,market_title,,,Digital Marketing and MarTech,0,0,no,,
Web Analytics Developer,market,market_title,,,Digital Marketing and MarTech,0,0,no,,
Embedded Software Engineer,market,market_title,,,Embedded and IoT,0,0,no,,
Firmware Engineer,market,market_title,,,Embedded and IoT,0,0,no,,
IoT Engineer,market,market_title,,,Embedded and IoT,0,0,no,,
Mulesoft Developer,market,market_title,,,Enterprise Applications,0,0,no,,
SAP Consultant,market,market_title,,,Enterprise Applications,0,0,no,,
Salesforce Developer,market,market_title,,,Enterprise Applications,0,0,no,,
ServiceNow Developer,market,market_title,,,Enterprise Applications,0,0,no,,
Angular Developer,market,market_title,,,Frontend Development,0,0,no,,
Front End Developer,market,market_title,,,Frontend Development,0,0,no,,
Full Stack Developer,market,market_title,,,Frontend Development,0,0,no,,
React Developer,market,market_title,,,Frontend Development,0,0,no,,
UI Developer,market,market_title,,,Frontend Development,0,0,no,,
Vue.js Developer,market,market_title,,,Frontend Development,0,0,no,,
WordPress Developer,market,market_title,,,Frontend Development,0,0,no,,
Full Stack Java Developer,market,market_title,,,Full Stack Development,0,0,no,,
Full Stack Python Developer,market,market_title,,,Full Stack Development,0,0,no,,
MERN Stack Developer,market,market_title,,,Full Stack Development,0,0,no,,
Game Developer,market,market_title,,,Game Development,0,0,no,,
Gameplay Engineer,market,market_title,,,Game Development,0,0,no,,
Unity Developer,market,market_title,,,Game Development,0,0,no,,
Unreal Engine Developer,market,market_title,,,Game Development,0,0,no,,
Power Platform Developer,market,market_title,,,Low-Code and Automation,0,0,no,,
RPA Developer,market,market_title,,,Low-Code and Automation,0,0,no,,
MLOps Engineer,market,market_title,,,Machine Learning Engineering,0,0,no,,
Machine Learning Engineer,market,market_title,,,Machine Learning Engineering,0,0,no,,
Android Developer,market,market_title,,,Mobile Development,0,0,no,,
Flutter Developer,market,market_title,,,Mobile Development,0,0,no,,
React Native Developer,market,market_title,,,Mobile Development,0,0,no,,
iOS Developer,market,market_title,,,Mobile Development,0,0,no,,
Engineering Manager,market,market_title,,,Product and Project Management,0,0,no,,
Product Manager,market,market_title,,,Product and Project Management,0,0,no,,
Scrum Master,market,market_title,,,Product and Project Management,0,0,no,,
Technical Lead,market,market_title,,,Product and Project Management,0,0,no,,
Technical Program Manager,market,market_title,,,Product and Project Management,0,0,no,,
Technical Writer,market,market_title,,,Product and Project Management,0,0,no,,
Automation Test Engineer,market,market_title,,,QA and Testing,0,0,no,,
Manual Test Engineer,market,market_title,,,QA and Testing,0,0,no,,
Performance Test Engineer,market,market_title,,,QA and Testing,0,0,no,,
SDET,market,market_title,,,QA and Testing,0,0,no,,
Robotics Software Engineer,market,market_title,,,Robotics and Automation,0,0,no,,
Site Reliability Engineer,market,market_title,,,SRE and Observability,0,0,no,,
Compiler Engineer,market,market_title,,,Systems and Low-Level,0,0,no,,
Systems Programmer,market,market_title,,,Systems and Low-Level,0,0,no,,
Interaction Designer,market,market_title,,,UI/UX and Product Design,0,0,no,,
Product Designer,market,market_title,,,UI/UX and Product Design,0,0,no,,
UI Designer,market,market_title,,,UI/UX and Product Design,0,0,no,,
UX Designer,market,market_title,,,UI/UX and Product Design,0,0,no,,
