skill_id,skill_name,skill_type,reuse_level,description
printed-goods-processes,printed goods processes,knowledge,cross-sector,"The various types and characteristics of producing printed goods such as catalogues, flyers, etc."
printing-materials,printing materials,knowledge,sector-specific,"The materials, such as paper, film, metal foils, and glass, on which texts or designs can be transferred by applying ink through direct pressure or with intermediate rollers."
printing-on-large-scale-machines,printing on large scale machines,knowledge,sector-specific,"Methods, processes, and restrictions related to printing on machines that produce large quantities and sizes of graphic print materials."
printing-techniques,printing techniques,knowledge,cross-sector,"The techniques and processes to reproduce text and images using a master form or template such as letterpress printing, gravure, and laser printing."
prioritise-requests,prioritise requests,skill/competence,cross-sector,Prioritise incidents and requests reported by customers or clients. Respond professionaly and in a timely fashion.
process-customer-orders,process customer orders,skill/competence,cross-sector,"Handle orders placed by customers. Receive the customer order and define a list of requirements, a working process, and a time frame. Execute the work as planned."
process-customer-requests-based-on-the-reach-regulation-1907-2006,process customer requests based on the REACh Regulation 1907 2006,skill/competence,sector-specific,Reply to private consumer requests according to REACh Regulation 1907/2006 whereby chemical Substances of Very High Concern (SVHC) should be minimal. Advise customers on how to proceed and protect themselves if the presence of SVHC is higher than expected.
process-data,process data,skill/competence,cross-sector,"Enter information into a data storage and data retrieval system via processes such as scanning, manual keying or electronic data transfer in order to process large amounts of data."
process-based-management,Process-based management,knowledge,sector-specific,"The process-based management approach is a methodology for planning, managing and overseeing of ICT resources in order to meet specific goals and using project management ICT tools."
procurement-of-ict-network-equipment,procurement of ICT network equipment,knowledge,sector-specific,The products available from network equipment providers and methods for selecting and procuring the equipment.
produce-sales-reports,produce sales reports,skill/competence,sector-specific,"Maintain records of calls made and products sold over a given time frame, including data regarding sales volumes, number of new accounts contacted and the costs involved."
product-comprehension,product comprehension,knowledge,sector-specific,"The offered products, their functionalities, properties and legal and regulatory requirements."
product-data-management,product data management,knowledge,cross-sector,"The use of software to track all information concerning a product such as technical specifications, drawings, design specifications, and production costs."
product-life-cycle,product life-cycle,knowledge,sector-specific,The management of the life-cycle of a product from the development stages to the market entry and market removal.
product-usage-risks-analysis,product usage risks analysis,knowledge,cross-sector,"The methods to analyse product associated risks, in possible customer environment, their magnitude, consequences and likely outcomes in order to mitigate them by warning messages, safety instructions and maintenance support."
production-processes,production processes,knowledge,cross-sector,Materials and techniques required in the production and distribution processes.
program-a-cnc-controller,program a CNC controller,skill/competence,cross-sector,Set up the desired product design in the CNC controller of the CNC machine for product manufacturing.
program-firmware,program firmware,skill/competence,cross-sector,"Program permanent software with a read-only memory (ROM) on a hardware device, such as an integrated circuit."
program-sound-cues,program sound cues,skill/competence,sector-specific,Program sound cues and rehearse sound states before or during rehearsals.
programmable-logic-controller,programmable logic controller,knowledge,cross-sector,Programmable logic controllers or PLC's are computer control systems used for the monitoring and control of input and output as well as the automation of electromechanical processes.
project-anarchy,Project Anarchy,knowledge,sector-specific,"The mobile game engine which is a software framework that consists of integrated development environments and specialised design tools, designed for the rapid iteration of user-derived computer games."
project-configuration-management,project configuration management,knowledge,cross-sector,"The process for the effective management of the key project artefacts and deliverables, ensuring that the correct versions are delivered to the project requestor and allowing project managers to identify the latest state of project artefacts and be able to gather all sources, documents, and other information for the project, prevent unauthorised changes, guarantee artefacts traceability and return"
project-management,project management,knowledge,sector-specific,"Understand project management and the activities which comprise this area. Know the variables implied in project management such as time, resources, requirements, deadlines, and responding to unexpected events."
projection-equipment,projection equipment,knowledge,occupation-specific,"The different types of projection equipment, their properties, and usages."
prolog-computer-programming,Prolog (computer programming),knowledge,sector-specific,"The techniques and principles of software development, such as analysis, algorithms, coding, testing and compiling of programming paradigms in Prolog."
promote-education-programmes,promote education programmes,skill/competence,cross-sector,"Promote ongoing research into education and the development of new education programmes and policies in order to obtain support and funds, and to raise awareness."
promote-environmental-awareness,promote environmental awareness,skill/competence,cross-sector,Promote sustainability and raise awareness about the environmental impact of human and industrial activity based on the carbon footprints of business processes and other practices.
promote-open-innovation-in-research,promote open innovation in research,skill/competence,cross-sector,"Apply techniques, models, methods and strategies which contribute to the promotion of steps towards innovation through collaboration with people and organizations outside the organisation."
promote-the-participation-of-citizens-in-scientific-and-research-activities,promote the participation of citizens in scientific and research activities,skill/competence,cross-sector,"Engage citizens in scientific and research activities and promote their contribution in terms of knowledge, time or resources invested."
promote-the-transfer-of-knowledge,promote the transfer of knowledge,skill/competence,cross-sector,"Deploy broad awareness of processes of knowledge valorisation aimed to maximise the two–way flow of technology, intellectual property, expertise and capability between the research base and industry or the public sector."
proofread-text,proofread text,skill/competence,cross-sector,"Read a text thoroughly, search for, review and correct errors to ensure content is valid for publishing."
properties-of-fabrics,properties of fabrics,knowledge,cross-sector,"The influence of chemical composition and molecular arrangement of yarn and fibre properties and fabric structure on the physical properties of textile fabrics; the different fibre types, their physical and chemical characteristics and different material characteristics; the materials used in different processes and the effect on materials as they are processed."
propose-ict-solutions-to-business-problems,propose ICT solutions to business problems,skill/competence,cross-sector,"Suggest how to solve business issues, using ICT means, so that business processes are improved."
propose-improvements-to-artistic-production,propose improvements to artistic production,skill/competence,sector-specific,Assess past artistic activities with a view to improving future projects.
prospect-new-customers,prospect new customers,skill/competence,sector-specific,"Initiate activities in order to attract new and interesting customers. Ask for recommendations and references, find places where potential customers can be located."
prosthetic-devices,prosthetic devices,knowledge,sector-specific,"The various artificial replacements of body parts or limbs, which were lost during a trauma, disease or an accident."
protect-ict-devices,protect ICT devices,skill/competence,cross-sector,"Protect devices and digital content, and understand risks and threats in digital environments. Know about safety and security measures and have due regard to reliability and privacy. Make use of tools and methods which maximise security of ICT devices and information by controlling access, such as passwords, digital signatures, biometry, and protecting systems such as firewall, antivirus, spam fil"
protect-personal-data-and-privacy,protect personal data and privacy,skill/competence,cross-sector,Protect personal data and privacy in digital environments. Understand how to use and share personally identifiable information while being able to protect oneself and others from damages. Understand that digital services use a “Privacy policy” to inform how personal data is used.
prototyping-development,Prototyping development,knowledge,sector-specific,The prototyping development model is a methodology to design software systems and applications.
prototyping-in-the-wearing-apparel-industry,prototyping in the wearing apparel industry,knowledge,occupation-specific,"The main principles of prototyping for the manufacturing of wearing apparel and made-up textiles: sizes, body measurements, specification, and behaviour of fabrics after cutting."
provide-assistive-technology,provide assistive technology,skill/competence,occupation-specific,Provide persons with assistive technology to enable them to perform activities more functionally.
provide-cost-benefit-analysis-reports,provide cost benefit analysis reports,skill/competence,cross-sector,"Prepare, compile and communicate reports with broken down cost analysis on the proposal and budget plans of the company. Analyse the financial or social costs and benefits of a project or investment in advance over a given period of time."
provide-customer-follow-up-services,provide customer follow-up services,skill/competence,cross-sector,"Register, follow-up, solve and respond to customer requests, complaints and after-sales services."
provide-documentation,provide documentation,skill/competence,cross-sector,Prepare and distribute documentation to ensure all people involved in the production receive relevant and up-to-date information.
provide-education-management-support,provide education management support,skill/competence,sector-specific,Support the management of an education institution by directly assisting in the managerial duties or by providing information and guidance from your area of expertise to simplify the managerial tasks.
provide-feedback-to-teachers,provide feedback to teachers,skill/competence,cross-sector,"Communicate with the teacher in order to provide them with detailed feedback on their teaching performance, class management and curriculum adherence."
provide-guidelines-for-content-development,provide guidelines for content development,skill/competence,sector-specific,"Develop standards and structures for content development such as formats, styles, layout, structures, content types, terminology, XML and DITA. Implement them in document type definitions and apply them during work process and evaluate results in light of established standards."
provide-ict-consulting-advice,provide ICT consulting advice,skill/competence,sector-specific,"Advise on appropriate solutions in the field of ICT by selecting alternatives and optimising decisions while taking into account potential risks, benefits and overall impact to professional customers."
provide-ict-support,provide ICT support,skill/competence,cross-sector,"Resolve ICT-related incidents and service requests from customers, clients or colleagues including password resets and updating databases such as Microsoft Exchange email."
provide-ict-system-training,provide ICT system training,skill/competence,sector-specific,"Plan and conduct training of staff on system and network issues. Utilise training material, evaluate and report on the learning progress of trainees."
provide-information,provide information,skill/competence,cross-sector,"Ensure quality and correctness of provided information, depending on the type of audience and context."
provide-legal-advice,provide legal advice,skill/competence,cross-sector,"Provide advice to clients in order to ensure that their actions are compliant with the law, as well as most beneficial for their situation and specific case, such as providing information, documentation, or advice on the course of action for a client should they want to take legal action or legal action is taken against them."
provide-lesson-materials,provide lesson materials,skill/competence,cross-sector,"Ensure that the necessary materials for teaching a class, such as visual aids, are prepared, up-to-date, and present in the instruction space."
provide-multimedia-content,provide multimedia content,skill/competence,sector-specific,"Develop multimedia materials such as screen shots, graphics, slide shows, animations and videos to be used as content integrated in a broader informational context."
provide-software-testing-documentation,provide software testing documentation,skill/competence,sector-specific,Describe software testing procedures to technical team and analysis of test outcomes to users and clients in order to inform them about state and efficiency of software.
provide-specialised-instruction-for-special-needs-students,provide specialised instruction for special needs students,skill/competence,sector-specific,"Instruct students in need of specialised attention, often in small groups, catering to their individual needs, disorders, and disabilities. Promote the psychological, social, creative or physical development of children and teenagers using specific methods such as concentration exercises, role-plays, movement training, and painting."
provide-technical-documentation,provide technical documentation,skill/competence,cross-sector,"Prepare documentation for existing and upcoming products or services, describing their functionality and composition in such a way that it is understandable for a wide audience without technical background and compliant with defined requirements and standards. Keep documentation up to date."
provide-technical-training,provide technical training,skill/competence,cross-sector,Explain and demonstrate the use of training equipment and system functions.
provide-training-on-technological-business-developments,provide training on technological business developments,skill/competence,occupation-specific,Give training to colleagues on the technological innovation projects and functional implementations in a business which improves the organisation's business efficiency.
provide-user-documentation,provide user documentation,skill/competence,cross-sector,"Develop and organise the distribution of structured documents to assist people using a particular product or system, such as written or visual information about an application system and how to use it."
provide-written-content,provide written content,skill/competence,cross-sector,Communicate information in written form via digital or print media according to the needs of the target group. Structure the content according to specifications and standards. Apply grammar and spelling rules.
proxy-servers,proxy servers,knowledge,sector-specific,"The proxy tools which act as an intermediary for requests from users searching for resources e.g. files and web pages from other servers such as Burp, WebScarab, Charles or Fiddler."
publicity-code,publicity code,knowledge,occupation-specific,"The legislation and rules of publicity when presenting a product in text, pictures or other symbols."
publish-academic-research,publish academic research,skill/competence,cross-sector,"Conduct academic research, in universities and research institutions, or on a personal account, publish it in books or academic journals with the aim of contributing to a field of expertise and achieving personal academic accreditation."
publishing-industry,publishing industry,knowledge,cross-sector,"Key stakeholders in the publishing industry. Acquisition, marketing and distribution of newspapers, books, magazines and other informative works, including electronic media."
publishing-strategy,publishing strategy,knowledge,sector-specific,"The methods, rules, media and tools of publishing content from content management systems in single sources or cross media."
puppet-tools-for-software-configuration-management,Puppet (tools for software configuration management),knowledge,sector-specific,"The tool Puppet is a software program to perform configuration identification, control, status accounting and audit."
purchase-music,purchase music,skill/competence,occupation-specific,Purchase the rights to music pieces while making sure all legal requirements are met.
python-computer-programming,Python (computer programming),knowledge,sector-specific,"The techniques and principles of software development, such as analysis, algorithms, coding, testing and compiling of programming paradigms in Python."
qlikview-expressor,QlikView Expressor,knowledge,sector-specific,"The computer program QlikView Expressor is a tool for integration of information from multiple applications, created and maintained by organisations, into one consistent and transparent data structure, developed by the software company Qlik."
quality-and-cycle-time-optimisation,quality and cycle time optimisation,knowledge,cross-sector,The most optimal rotation or cycle time and over-all quality of a tool or a machine's processes.
quality-assurance-methodologies,quality assurance methodologies,knowledge,cross-sector,"Quality assurance principles, standard requirements, and the set of processes and activities used for measuring, controlling and ensuring the quality of products and processes."
quality-assurance-procedures,quality assurance procedures,knowledge,cross-sector,The procedures to inspect a product or system to ensure that it is according to specifications and requirements.
quality-standards,quality standards,knowledge,cross-sector,"The national and international requirements, specifications and guidelines to ensure that products, services and processes are of good quality and fit for purpose."
query-languages,query languages,knowledge,sector-specific,The field of standardised computer languages for retrieval of information from a database and of documents containing the needed information.
r,R,knowledge,sector-specific,"The techniques and principles of software development, such as analysis, algorithms, coding, testing and compiling of programming paradigms in R."
rage-digital-game-creation-systems,RAGE (digital game creation systems),knowledge,sector-specific,"The software framework that consists of integrated development environments and specialised design tools, designed for the rapid iteration of user-derived computer games."
rapid-application-development,Rapid application development,knowledge,sector-specific,The rapid application development model is a methodology to design software systems and applications.
read-assembly-drawings,read assembly drawings,skill/competence,cross-sector,Read and interpret drawings listing all the parts and subassemblies of a certain product. The drawing identifies the different components and materials and provides instructions on how to assemble a product.
read-engineering-drawings,read engineering drawings,skill/competence,cross-sector,"Read the technical drawings of a product made by the engineer in order to suggest improvements, make models of the product or operate it."
read-lighting-plans,read lighting plans,skill/competence,sector-specific,Read the instructions on the light plan to determine the light equipment needed and the right placement.
read-musical-score,read musical score,skill/competence,sector-specific,Read the musical score during rehearsal and live performance.
read-standard-blueprints,read standard blueprints,skill/competence,cross-sector,"Read and comprehend standard blueprints, machine, and process drawings."
real-time-computing,real-time computing,knowledge,occupation-specific,The ICT hardware and software systems which are bound to respond to input within precisely tight constraints of time
recognise-indicators-of-gifted-student,recognise indicators of gifted student,skill/competence,cross-sector,"Observe students during instruction and identify signs of exceptionally high intelligence in a student, such as showing remarkable intellectual curiosity or showing restlessness due to boredom and or feelings of not being challenged."
record-customers-personal-data,record customers' personal data,skill/competence,sector-specific,Gather and record customers' personal data into the system; obtain all signatures and documents required for rental.
record-multi-track-sound,record multi-track sound,skill/competence,sector-specific,Recording and mixing audio signals from different sound sources on a multi-track recorder.
record-music,record music,skill/competence,sector-specific,Record a sound or musical performance in a studio or live environment. Use the appropriate equipment and your professional judgment to capture the sounds with optimal fidelity.
record-test-data,record test data,skill/competence,cross-sector,Record data which has been identified specifically during preceding tests in order to verify that outputs of the test produce specific results or to review the reaction of the subject under exceptional or unusual input.
recruit-employees,recruit employees,skill/competence,cross-sector,"Hire new employees by scoping the job role, advertising, performing interviews and selecting staff in line with company policy and legislation."
regulations-on-substances,regulations on substances,knowledge,sector-specific,"The national and international regulations on the classification, labelling and packaging of substances and mixtures, e.g. regulation (EC) No 1272/2008."
remove-computer-virus-or-malware-from-a-computer,remove computer virus or malware from a computer,skill/competence,cross-sector,Carry out actions to remove computer viruses or other types of malware from a computer.
remove-defective-products,remove defective products,skill/competence,cross-sector,Remove defective materials from the production line.
render-3d-images,render 3D images,skill/competence,cross-sector,Use specialised tools to convert 3D wire frame models into 2D images with 3D photorealistic effects or non-photorealistic rendering on a computer.
repair-equipment-on-site,repair equipment on site,skill/competence,cross-sector,"Identify malfunctions and repair or replace multi-media, audio-visual and computer systems, hardware and equipment on site."
repair-ict-devices,repair ICT devices,skill/competence,sector-specific,"Maintain and repair ICT related equipment such as laptops, desktops, tablets, mobile devices, communications equipment, printers and any piece of computer related peripheral. Detect faults, malfunctions and replace parts if necessary."
replace-machines,replace machines,skill/competence,cross-sector,Evaluate when to invest in replacing machines or machine tools and take the necessary actions.
replicate-customer-software-issues,replicate customer software issues,skill/competence,sector-specific,Use specialised tools to replicate and analyse the conditions that caused the set of software states or outputs reported by the customer in order to provide adequate solutions.
report-analysis-results,report analysis results,skill/competence,cross-sector,"Produce research documents or give presentations to report the results of a conducted research and analysis project, indicating the analysis procedures and methods which led to the results, as well as potential interpretations of the results."
report-on-environmental-issues,report on environmental issues,skill/competence,cross-sector,"Compile environmental reports and communicate on issues. Inform the public or any interested parties in a given context on relevant recent developments in the environment, forecasts on the future of the environment, and any problems and possible solutions."
report-test-findings,report test findings,skill/competence,cross-sector,"Report test results with a focus on findings and recommendations, differentiating results by levels of severity. Include relevant information from the test plan and outline the test methodologies, using metrics, tables, and visual methods to clarify where needed."
reprography,reprography,knowledge,cross-sector,"The process of reproducing, reprinting, or copying graphic material especially by mechanical or electronic means such as photography or xerography."
research-equipment-needs,research equipment needs,skill/competence,cross-sector,"Research equipment or required machine parts; compare sources, prices and delivery times."
research-new-ideas,research new ideas,skill/competence,cross-sector,Thorough research for information to develop new ideas and concepts for the design of a specific production based.
research-website-users,research website users,skill/competence,cross-sector,Record and analyse website traffic by distributing surveys or using e-commerce and analytics. Identify the needs and preferences of target visitors in order to apply marketing strategies to increase website traffic.
resolve-equipment-malfunctions,resolve equipment malfunctions,skill/competence,cross-sector,"Identify, report and repair equipment damage and malfunctions. Communicate with field representatives and manufacturers to obtain repair and replacement components."
resource-description-framework-query-language,resource description framework query language,knowledge,sector-specific,The query languages such as SPARQL which are used to retrieve and manipulate data stored in Resource Description Framework format (RDF).
respect-data-protection-principles,respect data protection principles,skill/competence,sector-specific,Ensure that access to personal or institutional data conforms to the legal and ethical framework governing such access.
respect-publication-formats,respect publication formats,skill/competence,cross-sector,Submit text material for printing purposes. Always respect the required and expected publication formats.
respond-to-customers-inquiries,respond to customers' inquiries,skill/competence,cross-sector,"Answer customers' questions about itineraries, rates and reservations in person, by mail, by e-mail and on the phone."
respond-to-enquiries,respond to enquiries,skill/competence,cross-sector,Respond to enquiries and requests for information from other organisations and members of the public.
respond-to-incidents-in-cloud,respond to incidents in cloud,skill/competence,sector-specific,Troubleshoot issues with the cloud and determine how to restore operations. Design and automate disaster recovery strategies and evaluate a deployment for points of failure.
review-development-process-of-an-organisation,review development process of an organisation,skill/competence,sector-specific,"Judge, review and decide on directions of innovation and development processes in an organisation in order to improve efficiency and reduce costs."
review-patient-s-medical-data,review patient's medical data,skill/competence,sector-specific,"Assess and review relevant medical data of patients such as X-rays, medical history and laboratory reports."
rewrite-musical-scores,rewrite musical scores,skill/competence,sector-specific,"Rewrite original musical scores in different musical genres and styles; change rhythm, harmony tempo or instrumentation."
rig-3d-characters,rig 3D characters,skill/competence,cross-sector,"Set up a skeleton, bound to the 3D mesh, made out of bones and joints that allow the 3D character to be bent into a desired position using specialized ICT tools."
rig-lights,rig lights,skill/competence,cross-sector,"Rig, connect, try out and de-rig lighting equipment."
risk-management,risk management,knowledge,cross-sector,"The process of identifying, assessing, and prioritising of all types of risks and where they could come from, such as natural causes, legal changes, or uncertainty in any given context, and the methods for dealing with risks effectively."
robotic-components,robotic components,knowledge,cross-sector,"The components that can be found in robotic systems, such as microprocessors, electronics, sensors, circuit boards, encoders, servomotors, controllers, pneumatics or hydraulics."
robotics,robotics,knowledge,cross-sector,"The branch of engineering that involves the design, operation, manufacture, and application of robots. Robotics is part of mechanical engineering, electrical engineering, and computer science and overlaps with mechatronics and automation engineering."
ruby-computer-programming,Ruby (computer programming),knowledge,sector-specific,"The techniques and principles of software development, such as analysis, algorithms, coding, testing and compiling of programming paradigms in Ruby."
run-a-media-server,run a media server,skill/competence,cross-sector,Set up and run a media server.
run-a-projection,run a projection,skill/competence,sector-specific,Operate projection equipment safely and efficiently to project images on a background in an artistic or cultural context.
saas-service-oriented-modelling,SaaS (service-oriented modelling),knowledge,sector-specific,"The SaaS model consists of principles and fundamentals of service-oriented modelling for business and software systems that allow the design and specification of service-oriented business systems within a variety of architectural styles, such as enterprise architecture."
safeguard-artistic-quality-of-performance,safeguard artistic quality of performance,skill/competence,sector-specific,"Observe the show, anticipate and react to possible technical problems, ensuring optimal artistic quality."
safeguard-online-privacy-and-identity,safeguard online privacy and identity,skill/competence,cross-sector,"Apply methods and procedures to secure private information in digital spaces by limiting the sharing of personal data where possible, through use of passwords and settings on social networks, mobile device apps, cloud storage and other places, while ensuring other people's privacy; protect oneself from online fraud and threats and cyberbullying."
safety-engineering,safety engineering,knowledge,cross-sector,"The engineering discipline used to ensure that systems, machines and equipment work according to the set safety standards and laws, such as environmental law."
sakai,Sakai,knowledge,sector-specific,"The computer program Sakai is a e-learning platform for creating, administrating, arranging, reporting and delivering e-learning education courses or training programs. It is developed by the software company Apereo."
sales-argumentation,sales argumentation,knowledge,sector-specific,Techniques and sales methods used in order to present a product or service to customers in a persuasive manner and to meet their expectations and needs.
sales-promotion-techniques,sales promotion techniques,knowledge,sector-specific,The techniques used to persuade customers to purchase a product or a service.
sales-strategies,sales strategies,knowledge,sector-specific,The principles concerning customer behaviour and target markets with the aim of promotion and sales of a product or a service.
salt-tools-for-software-configuration-management,Salt (tools for software configuration management),knowledge,sector-specific,"The tool Salt is a software program to perform configuration identification, control, status accounting and audit."
samurai-web-testing-framework,Samurai Web Testing Framework,knowledge,sector-specific,The linux environment Samurai Web Testing Framework is a specialised penetration testing tool which tests security weaknesses of websites for potentially unauthorised access.
sap-data-services,SAP Data Services,knowledge,sector-specific,"The computer program SAP Data Services is a tool for integration of information from multiple applications, created and maintained by organisations, into one consistent and transparent data structure, developed by the software company SAP."
sap-r3,SAP R3,knowledge,sector-specific,"The techniques and principles of software development, such as analysis, algorithms, coding, testing and compiling of programming paradigms in SAP R3."
sas-data-management,SAS Data Management,knowledge,sector-specific,"The computer program SAS Data Management is a tool for integration of information from multiple applications, created and maintained by organisations, into one consistent and transparent data structure, developed by the software company SAS."
sas-language,SAS language,knowledge,sector-specific,"The techniques and principles of software development, such as analysis, algorithms, coding, testing and compiling of programming paradigms in SAS language."
sass,Sass,knowledge,sector-specific,"The computer language Sass is a style sheet language that conveys the presentation of structured documents. These documents have to adhere to style sheets, a set of stylistic rules such as font, color and layout."
scala,Scala,knowledge,sector-specific,"The techniques and principles of software development, such as analysis, algorithms, coding, testing and compiling of programming paradigms in Scala."
scan-photos,scan photos,skill/competence,sector-specific,"Scan images into computers for editing, storage, and electronic transmission."
schoology,Schoology,knowledge,sector-specific,"The computer program Schoology is a e-learning platform for creating, administrating, arranging, reporting and delivering e-learning education courses or training programs."
scientific-research-methodology,scientific research methodology,knowledge,cross-sector,"The theoretical methodology used in scientific research involving doing background research, constructing an hypothesis, testing it, analysing data and concluding the results."
scratch-computer-programming,Scratch (computer programming),knowledge,sector-specific,"The techniques and principles of software development, such as analysis, algorithms, coding, testing and compiling of programming paradigms in Scratch."
search-databases,search databases,skill/competence,cross-sector,Search for information or people using databases.
secondary-school-procedures,secondary school procedures,knowledge,cross-sector,"The inner workings of a secondary school, such as the structure of the relevant education support and management, the policies, and the regulations."
secure-sensitive-customer-s-information,secure sensitive customer's information,skill/competence,sector-specific,Select and apply security measures and regulations related to sensitive customer information with the aim of protecting their privacy.
seek-innovation-in-current-practices,seek innovation in current practices,skill/competence,cross-sector,"Search for improvements and present innovative solutions, creativity and alternative thinking to develop new technologies, methods or ideas for and answers to work-related problems."
select-artistic-materials-to-create-artworks,select artistic materials to create artworks,skill/competence,sector-specific,"Select artistic materials based on strength, colour, texture, balance, weight, size, and other characteristics that should guarantee the feasibility of the artistic creation regarding the expected shape, color, etc.- even though the result might vary from it. Artistic materials such as paint, ink, water colours, charcoal, oil, or computer software can be used as much as garbage, living products (f"
select-camera-apertures,select camera apertures,skill/competence,sector-specific,"Adjust lens apertures, shutter speeds and camera focus."
select-illustration-styles,select illustration styles,skill/competence,sector-specific,"Select the appropriate style, medium, and techniques of illustration in line with the needs of the project and client's requests."
select-recording-source,select recording source,skill/competence,occupation-specific,Select the source from which programs will be recorded such as satellite or studio.
send-faulty-equipment-back-to-assembly-line,send faulty equipment back to assembly line,skill/competence,cross-sector,Send equipment that didn't pass inspection back to the assembly line for re-assembly.
sensors,sensors,knowledge,cross-sector,"Sensors are transducers that can detect or sense characteristics in their environment. They detect changes in the apparatus or environment and provide a corresponding optical or electrical signal. Sensors are commonly divided in six classes: mechanical, electronic, thermal, magnetic, electrochemical, and optical sensors."
service-oriented-modelling,service-oriented modelling,knowledge,sector-specific,"The principles and fundamentals of service-oriented modelling for business and software systems that allow the design and specification of service-oriented business systems within a variety of architectural styles, such as enterprise architecture and application architecture."
set-quality-assurance-objectives,set quality assurance objectives,skill/competence,cross-sector,"Define quality assurance targets and procedures and see to their maintenance and continued improvement by reviewing targets, protocols, supplies, processes, equipment and technologies for quality standards."
set-sales-goals,set sales goals,skill/competence,sector-specific,Set sales goals and objectives to be reached by a sales team within a period of time such as the target amount of sales made and new customers found.
set-up-a-multi-track-recording,set up a multi-track recording,skill/competence,sector-specific,Make the necessary preparations to record music or other sounds on several tracks.
set-up-animation-elements,set up animation elements,skill/competence,sector-specific,"Test and set up characters, props or environments to ensure they appear correctly from all required camera positions and angles."
set-up-audiovisual-peripheral-equipment,set up audiovisual peripheral equipment,skill/competence,cross-sector,"Set up audiovisual peripheral equipment such as tripods, cables, microphones, monitors, and others."
set-up-automotive-robot,set up automotive robot,skill/competence,cross-sector,"Set up and programme an automotive robot working on machine processes and substituting or collaboratively supporting human labour, such as the six-axis automotive robot."
set-up-basic-recording,set up basic recording,skill/competence,sector-specific,Set up a basic stereo audio recording system.
set-up-broadcast-equipment,set up broadcast equipment,skill/competence,occupation-specific,"Set up and calibrate broadcast equipment to produce, switch, receive, record, edit, and reproduce television and radio signals."
set-up-cameras,set up cameras,skill/competence,sector-specific,Put cameras in place and prepare them for use.
set-up-equipment-in-a-timely-manner,set up equipment in a timely manner,skill/competence,sector-specific,Make sure to set up equipment according to deadlines and time schedules.
set-up-light-board,set up light board,skill/competence,sector-specific,"Install, connect and try out light board in a live performance environment."
set-up-machine-controls,set up machine controls,skill/competence,cross-sector,"Set up or adjust machine controls to regulate conditions such as material flow, temperature, or pressure."
set-up-multimedia-equipment,set up multimedia equipment,skill/competence,occupation-specific,"Set up and test the multimedia and related systems and technology, according to their specifications."
set-up-portable-field-transmission-equipment,set up portable field transmission equipment,skill/competence,occupation-specific,Set up and operate portable transmission equipment when broadcasting takes place outside of the studio.
set-up-projection-equipment,set up projection equipment,skill/competence,sector-specific,Install and connect equipment for projection in an artistic context.
set-up-sound-equipment,set up sound equipment,skill/competence,sector-specific,Set up equipment to record sound. Test acoustics and make adjustments.
set-up-sound-reinforcement-system,set up sound reinforcement system,skill/competence,sector-specific,Set up an analogue sound reinforcement system in a live situation.
set-up-the-controller-of-a-machine,set up the controller of a machine,skill/competence,cross-sector,Set up and give commands to a machine by dispatching the appropriate data and input into the (computer) controller corresponding with the desired processed product.
shiva-digital-game-creation-systems,Shiva (digital game creation systems),knowledge,sector-specific,"The cross-platform game engine which is a software framework that consists of integrated development environments and specialised design tools, designed for the rapid iteration of user-derived computer games."
signal-cues-to-announcers,signal cues to announcers,skill/competence,occupation-specific,Signal when a song or commercial is about to end or begin to announcers so they know when to start or stop talking.
signal-processing,signal processing,knowledge,sector-specific,"The algorithms, applications and implementations that deal with the processing and transferring of information through analog or digital frequencies."
simulate-mechatronic-design-concepts,simulate mechatronic design concepts,skill/competence,sector-specific,Simulate mechatronic design concepts through creating mechanical models and performing tolerance analysis.
sketchbook-pro,SketchBook Pro,knowledge,sector-specific,The computer program SketchBook Pro is a graphical ICT tool which enables digital editing and composition of graphics to generate both 2D raster or 2D vector graphics. It is developed by the software company Autodesk.
smalltalk-computer-programming,Smalltalk (computer programming),knowledge,sector-specific,"The techniques and principles of software development, such as analysis, algorithms, coding, testing and compiling of programming paradigms in Smalltalk."
smart-contract,smart contract,knowledge,sector-specific,A software program in which the terms of a contract or transaction are directly coded. Smart contracts are executed automatically upon fulfilment of the terms and therefore require no third party to oversee and register the contract or transaction.
social-media-marketing-techniques,social media marketing techniques,knowledge,cross-sector,The marketing methods and strategies used to increase attention and website traffic through social media channels.
software-anomalies,software anomalies,knowledge,sector-specific,"The deviations of what is standard and exceptional events during software system performance, identification of incidents that can alter the flow and the process of system execution."
software-architecture-models,software architecture models,knowledge,sector-specific,"The set of structures and models needed to understand or describe the software system, including the software elements, the relations between them and the properties of both elements and relations."
software-components-libraries,software components libraries,knowledge,sector-specific,"The software packages, modules, web services and resources that cover a set of related functions and the databases where these reusable components can be found."
software-components-suppliers,software components suppliers,knowledge,sector-specific,The suppliers who can deliver the required software components.
software-design-methodologies,software design methodologies,knowledge,sector-specific,"The methodologies such as Scrum, V-model and Waterfall to design software systems and applications."
software-frameworks,software frameworks,knowledge,sector-specific,The software development environments or tools used to improve the efficiency of new software development by providing specific features that support and guide the development.
software-interaction-design,software interaction design,knowledge,sector-specific,The methodologies for designing interaction between users and a software product or service to satisfy the needs and preferences of most of the people who will interface with the product and to simplify the communication between product and user such as Goal-oriented design.
software-metrics,software metrics,knowledge,sector-specific,The metrics that measure a characteristic of the software system in order to determine the development of the software and evaluate it.
software-ui-design-patterns,software UI design patterns,knowledge,sector-specific,The reusable solutions and formalised best practices to solve common user interface tasks in software development and design.
solder-electronics,solder electronics,skill/competence,cross-sector,"Operate and use soldering tools and soldering iron, which supply high temperatures to melt the solder and to join electronic components."
solidity,Solidity,knowledge,sector-specific,"The techniques and principles of software development, such as analysis, algorithms, coding, testing and compiling of programming paradigms in Solidity."
solution-deployment,solution deployment,knowledge,sector-specific,"The technologies and standards to be used during the installation, deployment and maintenance of software characteristics."
solve-ict-system-problems,solve ICT system problems,skill/competence,cross-sector,"Identify potential component malfunctions. Monitor, document and communicate about incidents. Deploy appropriate resources with minimal outage and deploy appropriate diagnostic tools."
solve-location-and-navigation-problems-by-using-gps-tools,solve location and navigation problems by using GPS tools,skill/competence,sector-specific,"Use applications and devices which provide users with accurate assessment of their location using system of satellites, such as navigation systems."
solve-problems-in-gambling-through-digital-means,solve problems in gambling through digital means,skill/competence,sector-specific,"Use ICT resources, tools and competence in order to solve gambling, betting and lottery problems such as game operation problems."
solve-technical-problems,solve technical problems,skill/competence,cross-sector,"Identify technical problems when operating devices and using digital environments, and solve them (from trouble-shooting to solving more complex problems)."
source-digital-game-creation-systems,Source (digital game creation systems),knowledge,sector-specific,"The game engine Source which is a software framework that consists of integrated development environments and specialised design tools, designed for the rapid iteration of user-derived computer games."
sparql,SPARQL,knowledge,sector-specific,The computer language SPARQL is a query language for retrieval of information from a database and of documents containing the needed information. It is developed by the international standards organisation World Wide Web Consortium.
speak-different-languages,speak different languages,skill/competence,cross-sector,Master foreign languages to be able to communicate in one or more foreign languages.
special-needs-education,special needs education,knowledge,cross-sector,"The teaching methods, equipment and settings used to support students with special needs in achieving succes in school or community."
special-needs-learning-equipment,special needs learning equipment,knowledge,sector-specific,"The materials used by a special needs teacher for training students with special educational needs in their classes, more specifically tools such as sensory equipment and equipment for stimulating motor skills."
specify-digital-game-scenes,specify digital game scenes,skill/competence,occupation-specific,"Describe scenes of digital games by communicating and cooperating with artistic crew, designers and artists in order to define the scope of the game's virtual environments."
spelling,spelling,knowledge,cross-sector,The rules concerning the way words are spelled.
spiral-development,Spiral development,knowledge,sector-specific,The spiral development model is a methodology to design software systems and applications.
sql,SQL,knowledge,sector-specific,The computer language SQL is a query language for retrieval of information from a database and of documents containing the needed information. It is developed by the American National Standards Institute and the International Organization for Standardization.
sql-server,SQL Server,knowledge,sector-specific,"The computer program SQL Server is a tool for creating, updating and managing databases, developed by the software company Microsoft."
sql-server-integration-services,SQL Server Integration Services,knowledge,sector-specific,"The computer program SQL Server Integration Services is a tool for integration of information from multiple applications, created and maintained by organisations, into one consistent and transparent data structure, developed by the software company Microsoft."
staf,STAF,knowledge,sector-specific,"The tool STAF is a software program to perform configuration identification, control, status accounting and audit."
standard-sizing-systems-for-clothing,standard sizing systems for clothing,knowledge,sector-specific,"Standard sizing systems for clothing developed by different countries. Differences among the systems and standards of different countries, the development of the systems according to the evolution of the shape of the human body and their usage in the clothing industry."
statistical-analysis-system-software,statistical analysis system software,knowledge,cross-sector,"Specific software system (SAS) used for advanced analytics, business intelligence, data management, and predictive analytics."
statistical-process-control,statistical process control,knowledge,cross-sector,Method of quality control that uses statistics to monitor processes.
statistics,statistics,knowledge,cross-sector,"The study of statistical theory, methods and practices such as collection, organisation, analysis, interpretation and presentation of data. It deals with all aspects of data including the planning of data collection in terms of the design of surveys and experiments in order to forecast and plan work-related activities."
stimulate-students-independence,stimulate students' independence,skill/competence,sector-specific,"Encourage students with special needs to perform tasks independently, without the help from a caregiver and teach them personal independence skills."
store-digital-data-and-systems,store digital data and systems,skill/competence,cross-sector,"Use software tools to archive data by copying and backing them up, in order to ensure their integrity and to prevent data loss."
store-film-reels,store film reels,skill/competence,occupation-specific,Store film reels safely after projection and after removing the markings.
store-performance-equipment,store performance equipment,skill/competence,sector-specific,"Dismantle sound, light and video equipment after a performance event and store in a safe place."
strategies-for-handling-cases-of-elder-abuse,strategies for handling cases of elder abuse,knowledge,sector-specific,"The range of strategies and approaches utilised in the identification, termination, and prevention of instances of elder abuse. This incudes understanding of the methods and procedures used to recognise instances of elder abuse, the legal implications of abusive behaviour; and possible intervention and rehabilitation activities."
structure-information,structure information,skill/competence,cross-sector,Organise information using systematic methods such as mental models and according to given standards in order to facilitate user information processing and understanding with respect to the specific requirements and characteristics of the output media.
structure-soundtrack,structure soundtrack,skill/competence,occupation-specific,Structure the music and sound a film to make sure that all components work together.
study-media-sources,study media sources,skill/competence,sector-specific,"Study various media sources such as broadcasts, print media, and online media in order to gather inspiration for the development of creative concepts."
study-relationships-between-characters,study relationships between characters,skill/competence,sector-specific,Study characters in scripts and their relationships to each other.
study-sales-levels-of-products,study sales levels of products,skill/competence,cross-sector,"Collect and analyse sales levels of products and services in order to use this information for determining the quantities to be produced in the following batches, customer feedback, price trends, and the efficiency of sales methods."
study-website-behaviour-patterns,study website behaviour patterns,skill/competence,cross-sector,"Research, analyse and optimise business results and user experience online through the use of tracking website metric tools."
style-sheet-languages,style sheet languages,knowledge,cross-sector,"The field of computer language that conveys the presentation of structured documents such as Cascading Style Sheets (CSS). These documents have to adhere to style sheets, a set of stylistic rules such as font, color and layout."
supervise-brand-management,supervise brand management,skill/competence,cross-sector,"Supervise the promotion of a particular brand of goods, by liaising with the appropriate departments."
supervise-camera-crew,supervise camera crew,skill/competence,sector-specific,"Supervise the camera crew to make sure they use the right equipment, angles, frames, shots, etc., according to the creative vision."
supervise-daily-information-operations,supervise daily information operations,skill/competence,cross-sector,Direct daily operations of different units. Coordinate program/project activities to assure the respect of costs and time.
supervise-data-entry,supervise data entry,skill/competence,cross-sector,"Supervise the entry of information such as addresses or names in a data storage and retrieval system via manual keying, electronic data transfer or by scanning."
supervise-plotting-of-stage-lights,supervise plotting of stage lights,skill/competence,occupation-specific,"Make sure cues for stage lights are adequately entered into the lightboard. Put in levels, positions, changeovers, etc."
supervise-sales-activities,supervise sales activities,skill/competence,sector-specific,"Monitor and oversee the activities related to the ongoing sales in the shop to ensure that sales goals are met, assess areas for improvement, and identify or solve problems that customers could encounter."
supervise-sound-production,supervise sound production,skill/competence,cross-sector,Supervise the creation of sound and decide which music and sounds to use for the movie and theatre production.
supervise-staff,supervise staff,skill/competence,cross-sector,"Oversee the selection, training, performance and motivation of staff."
supervise-work,supervise work,skill/competence,cross-sector,Direct and supervise the day-to-day activities of subordinate personnel.
supplier-management,supplier management,knowledge,sector-specific,"The methods and techniques to ensure that external services and configuration items, which are necessary for the service delivery, are available as requested and as agreed at the service level."
supply-chain-management,supply chain management,knowledge,cross-sector,"The flow of goods in the supply chain, movement and storage of raw materials, work-in-process inventory, and finished goods from point of origin to point of consumption."
supply-machine-with-appropriate-tools,supply machine with appropriate tools,skill/competence,cross-sector,Supply the machine with the necessary tools and items for a particular production purpose. Monitor the stock and replenish when needed.
support-a-designer-in-the-developing-process,support a designer in the developing process,skill/competence,sector-specific,Support designers in the course of the developing process.
support-ict-system-users,support ICT system users,skill/competence,sector-specific,"Communicate with end users, instruct them on how to progress with tasks, use ICT support tools and methods to solve problems and identify possible side effects and provide solutions."
support-managers,support managers,skill/competence,cross-sector,Provide support and solutions to managers and directors in regards with their business needs and requests for the running of a business or the daily operations of a business unit.
swift-computer-programming,Swift (computer programming),knowledge,sector-specific,"The techniques and principles of software development, such as analysis, algorithms, coding, testing and compiling of programming paradigms in Swift."
synchronise-sound-with-images,synchronise sound with images,skill/competence,sector-specific,Synchronise recorded sound with footage.
synchronise-with-mouth-movements,synchronise with mouth movements,skill/competence,sector-specific,Synchronise sound recording with the mouth movements of the original actor.
synfig,Synfig,knowledge,sector-specific,The computer program Synfig is a graphical ICT tool which enables digital editing and composition of graphics to generate both 2D raster or 2D vector graphics. It is developed by Robert Quattlebaum.
synthesise-information,synthesise information,skill/competence,cross-sector,"Critically read, interpret, and summarize new and complex information from diverse sources."
synthesise-research-publications,synthesise research publications,skill/competence,cross-sector,"Read and interpret scientific publications that present a research problem, the methodology, its solution and hypothesis. Compare them and extract the information needed."
system-backup-best-practice,system backup best practice,knowledge,cross-sector,The procedures related to preparing for recovery or continuation of technology infrastructure vital to an organisation.
systems-development-life-cycle,systems development life-cycle,knowledge,cross-sector,"The sequence of steps, such as planning, creating, testing and deploying and the models for the development and life-cycle management of a system."
systems-theory,systems theory,knowledge,sector-specific,"The principles that can be applied to all types of systems at all hierarchical levels, which describe the system's internal organisation, its mechanisms of maintaining identity and stability and achieving adaptation and self-regulation and its dependencies and interaction with the environment."
systems-thinking,systems thinking,knowledge,occupation-specific,"The integrated approach to understanding how various constituents of a system interrelate, interact and influence one another within a whole logistic system."
take-measurements-of-performance-space,take measurements of performance space,skill/competence,occupation-specific,Measure the performance space in order to calculate the amount of lighting equipment needed and where to place them.
take-pictures,take pictures,skill/competence,sector-specific,"Take photographs of individual people, families and groups, either in a studio setting or on location."
taleo,Taleo,knowledge,sector-specific,"The computer program Taleo is a e-learning platform for creating, administrating, arranging, reporting and delivering e-learning education courses or training programs."
task-algorithmisation,task algorithmisation,knowledge,cross-sector,The techniques to convert unstructured descriptions of a process into step-by-step sequence of actions of a finite number of steps.
teach-computer-science,teach computer science,skill/competence,sector-specific,"Instruct students in the theory and practice of computer science, more specifically in the development of software systems, programming languages, artificial intelligence, and software security."
teach-digital-literacy,teach digital literacy,skill/competence,cross-sector,"Instruct students in the theory and practice of (basic) digital and computer competency, such as typing efficiently, working with basic online technologies, and checking email. This also includes coaching students in the proper use of computer hardware equipment and software programmes."
teach-in-academic-or-vocational-contexts,teach in academic or vocational contexts,skill/competence,cross-sector,"Instruct students in the theory and practice of academic or vocational subjects, transferring the content of own and others' research activities."
teamwork-principles,teamwork principles,knowledge,cross-sector,"The cooperation between people characterised by a unified commitment to achieving a given goal, participating equally, maintaining open communication, facilitating effective usage of ideas etc."
technical-drawings,technical drawings,knowledge,cross-sector,"Drawing software and the various symbols, perspectives, units of measurement, notation systems, visual styles and page layouts used in technical drawings."
technically-design-a-sound-system,technically design a sound system,skill/competence,sector-specific,"Set up, test and operate a complex audio system, based on a given sound concept. This could be a permanent as well as a temporary installation."
telecommunication-industry,telecommunication industry,knowledge,cross-sector,"The major players on the telecommunications market such as organisations manufacturing and distributing telephone terminal equipment, mobile devices, accessibility, and network security."
telecommunication-trunking,telecommunication trunking,knowledge,sector-specific,The method of providing network access to many clients while keeping smaller number of connection components by grouping and sharing connection circuits and frequencies.
tend-lathe,tend lathe,skill/competence,cross-sector,"Tend a lathe designed for cutting manufacturing processes on metal, wooden, plastic materials and others, monitor and operate it, according to regulations."
teradata-database,Teradata Database,knowledge,sector-specific,"The computer program Teradata Database is a tool for creating, updating and managing databases, developed by the software company Teradata Corporation."
test-for-behavioural-patterns,test for behavioural patterns,skill/competence,cross-sector,Discern patterns in the behaviour of individuals by using various tests in order to understand the causes of their behaviour.
test-for-emotional-patterns,test for emotional patterns,skill/competence,cross-sector,Discern patterns in the emotions of individuals by using various tests in order to understand the causes of these emotions.
test-hardware,test hardware,skill/competence,cross-sector,"Test computer hardware systems and components using appropriate equipment and testing methods, such as the system test (ST), the ongoing reliability test (ORT), and the in-circuit test (ICT). Monitor and evaluate system performance and take action if needed."
test-ict-queries,test ICT queries,skill/competence,occupation-specific,Assess that developed queries return and execute correct actions and data.
test-mechatronic-units,test mechatronic units,skill/competence,sector-specific,Test mechatronic units using appropriate equipment. Gather and analyse data. Monitor and evaluate system performance and take action if needed.
test-microelectronics,test microelectronics,skill/competence,sector-specific,Test microelectronics using appropriate equipment. Gather and analyse data. Monitor and evaluate system performance and take action if needed.
test-power-electronics,test power electronics,skill/competence,occupation-specific,"Test power electronics using appropriate equipment. Gather and analyse data on systems and components, such as analogue and digital circuit tolerance, power losses and overall efficiency as electricity works its way through circuits. Monitor and evaluate system performance and take action if needed."
test-printed-circuit-boards,test printed circuit boards,skill/competence,sector-specific,"Test the printed circuit board with special testing adapters to ensure optimal efficiency, functionality, and that everything works according to design. Adapt the testing devices to the type of circuit board."
test-system-accessibility-for-users-with-special-needs,test system accessibility for users with special needs,skill/competence,sector-specific,Examine whether software interface complies with standards and regulations so that the system can be used by people with special needs.
test-wireless-devices,test wireless devices,skill/competence,occupation-specific,"Analyse and test wireless devices and digital platforms that use power management integrated circuits (PMIC), radio frequency integrated circuits (RFIC) or wireless chipsets."
thc-hydra,THC Hydra,knowledge,sector-specific,The package THC Hydra is a parallelized login cracker which tests security weaknesses of the systems' protocols for potentially unauthorised access to system information. The main features include network logon cracker and passwords reading and printing.
think-abstractly,think abstractly,skill/competence,cross-sector,"Demonstrate the ability to use concepts in order to make and understand generalisations, and relate or connect them to other items, events, or experiences."
tolerate-stress,tolerate stress,skill/competence,sector-specific,Maintain a temperate mental state and effective performance under pressure or adverse circumstances.
tools-for-ict-test-automation,tools for ICT test automation,knowledge,sector-specific,"The specialised software to execute or control tests and compare predicted testing outputs with actual testing results such as Selenium, QTP and LoadRunner"
tools-for-software-configuration-management,tools for software configuration management,knowledge,sector-specific,"The software programs to perform configuration identification, control, status accounting and audit, such as CVS, ClearCase, Subversion, GIT and TortoiseSVN perform this management."
track-key-performance-indicators,track key performance indicators,skill/competence,cross-sector,"Identify the quantifiable measures that a company or industry uses to gauge or compare performance in terms of meeting their operational and strategic goals, using preset performance indicators."
track-price-trends,track price trends,skill/competence,sector-specific,"Monitor the direction and momentum of the product prices on a long-term basis, identify and predict the movement of prices as well as identify the recurring trends."
train-employees,train employees,skill/competence,cross-sector,Lead and guide employees through a process in which they are taught the necessary skills for the perspective job. Organise activities aimed at introducing the work and systems or improving the performance of individuals and groups in organisational settings.
training-subject-expertise,training  subject expertise,knowledge,cross-sector,"The topic, content and methods of the training, acquired by doing research and following training courses."
transcribe-ideas-into-musical-notation,transcribe ideas into musical notation,skill/competence,sector-specific,"Transcribe/translate musical ideas into musical notation, using instruments, pen and paper, or computers."
transfer-uncut-audiovisual-material-to-computer,transfer uncut audiovisual material to computer,skill/competence,sector-specific,"Transfer uncut audiovisual materials to a computer, synchronise them and store them."
translate-artistic-concepts-to-technical-designs,translate artistic concepts to technical designs,skill/competence,cross-sector,Cooperate with the artistic team in order to facilitate the transition from the creative vision and its artistic concepts to a technical design.
translate-requirement-concepts-into-content,translate requirement concepts into content,skill/competence,sector-specific,Develop digital content by following given requirements and guidelines.
translate-requirements-into-visual-design,translate requirements into visual design,skill/competence,cross-sector,"Develop visual design from given specifications and requirements, based on the analysis of the scope and target audience. Create a visual representation of ideas such as logos, website graphics, digital games and layouts."
transmission-technology,transmission technology,knowledge,cross-sector,"Technologies that allow the transmission of analogue or digital information signals over a point-to-point or a point-to-multipoint through the use of communication channels or transmission media, such as optical fibre, copper wire, or wireless communication channels. The information or data are usually transmitted as an electromagnetic signal, such as radio waves or microwaves."
transpose-music,transpose music,skill/competence,sector-specific,Transposing music into an alternate key while keeping the original tone structure.
trigonometry,trigonometry,knowledge,sector-specific,The subdiscipline of mathematics which explores relationships among angles and lengths of triangles.
triplestore,TripleStore,knowledge,sector-specific,The RDF store or TripleStore is a database used for storage and retrieval of Resource Description Framework triples (subject-predicate-object data entities) which can be accessed by semantic queries.
troubleshoot,troubleshoot,skill/competence,cross-sector,"Identify operating problems, decide what to do about it and report accordingly."
troubleshoot-website,troubleshoot website,skill/competence,occupation-specific,"Detect the flaws and malfunctions of a website. Apply troubleshooting techniques on content, structure, interface and interactions in order to find the causes and solve the malfunctions."
tune-a-projector,tune a projector,skill/competence,sector-specific,Focus and tune a projector.
tune-up-wireless-audio-systems,tune up wireless audio systems,skill/competence,sector-specific,Tune up a wireless audio system in a live situation.
types-of-audiovisual-formats,types of audiovisual formats,knowledge,cross-sector,"Various audio and video formats, including digital."
types-of-electronics,types of electronics,knowledge,cross-sector,"The different categories of electronics, such as consumer electronics, medical devices, microelectronics, computers, information and communication equipment, and measuring equipment."
types-of-pottery-material,types of pottery material,knowledge,sector-specific,"Types of clays and mud and their appearance, properties, reaction to fire, etc."
typescript,TypeScript,knowledge,sector-specific,"The techniques and principles of software development, such as analysis, algorithms, coding, testing and compiling of programming paradigms in TypeScript."
typography,typography,knowledge,cross-sector,The procedure of arranging written texts for printing processes.
understand-artistic-concepts,understand artistic concepts,skill/competence,sector-specific,"Interpret an artist's explanation or demonstration of their artistic concepts, inceptions and processes and strive to share their vision."
unified-modelling-language,unified modelling language,knowledge,sector-specific,The general-purpose modelling language used in software development to offer a standard visualisation of system designs.
unity-digital-game-creation-systems,Unity (digital game creation systems),knowledge,sector-specific,"The game engine Unity which is a software framework that consists of integrated development environments and specialised design tools, designed for the rapid iteration of user-derived computer games."
unload-equipment,unload equipment,skill/competence,sector-specific,Handle safe unloading of equipment in given restrictive conditions.
unreal-engine,Unreal Engine,knowledge,sector-specific,"The game engine Unreal Engine which is a software framework that consists of integrated development environments and specialised design tools, designed for the rapid iteration of user-derived computer games."
unstructured-data,unstructured data,knowledge,sector-specific,The information that is not arranged in a pre-defined manner or does not have a pre-defined data model and is difficult to understand and find patterns in without using techniques such as data mining.
update-budget,update budget,skill/competence,sector-specific,Make sure that a given budget remains up to date using most recent and most accurate information. Anticipate possible variations and ensure that the set budgetary goals can be reached within the given context.
update-design-results-during-rehearsals,update design results during rehearsals,skill/competence,sector-specific,"Updating the design results based on observation of the stage image during the rehearsals, especially where the different designs and the action are integrated."
upgrade-firmware,upgrade firmware,skill/competence,cross-sector,"Update basic or integrated software included in devices, network components and embedded systems."
usability-engineering,usability engineering,knowledge,sector-specific,The methods of assessing usability and deriving structured recommendations from the results of an usability test with respect to user needs and behaviours in order to achieve efficient and elegant user interface design.
use-3d-scanners-for-clothing,use 3D scanners for clothing,skill/competence,sector-specific,Use different 3D body scanners and softwares to capture the shape and size of the human body in order to produce 3D body model for the creation of avatars and mannequins.
use-access-control-software,use access control software,skill/competence,sector-specific,"Utilise software to define the roles and manage user authentication, privileges and access rights to ICT systems, data and services."
use-an-application-specific-interface,use an application-specific interface,skill/competence,sector-specific,Understand and use interfaces particular to an application or use case.
use-audio-reproduction-software,use audio reproduction software,skill/competence,sector-specific,"Operate software and equipment that transform and reproduce digital, analogue sounds and sound waves into the desired perceivable audio to be streamed."
use-automatic-programming,use automatic programming,skill/competence,sector-specific,"Utilise specialised software tools to generate computer code from specifications, such as diagrams, structured informations or other means of describing functionality."
use-back-up-and-recovery-tools,use back-up and recovery tools,skill/competence,cross-sector,"Use tools which allow users to copy and archive computer software, configurations and data and recover them in case of loss."
use-cad-software,use CAD software,skill/competence,cross-sector,"Use computer-aided design (CAD) systems to assist in the creation, modification, analysis, or optimisation of a design."
use-cam-software,use CAM software,skill/competence,cross-sector,"Use computer-aided manufacturing (CAM) programmes to control machinery and machine tools in the creation, modification, analysis, or optimisation as part of the manufacturing processes of workpieces."
use-clinical-assessment-techniques,use clinical assessment techniques,skill/competence,sector-specific,"Use clinical reasoning techniques and clinical judgement when applying a range of appropriate assessment techniques, such as mental status assessment, diagnosis, dynamic formulation, and potential treatment planning."
use-communication-equipment,use communication equipment,skill/competence,sector-specific,"Set up, test and operate different types of communication equipment such as transmission equipment, digital network equipment, or telecommunications equipment."
use-computer-aided-engineering-systems,use computer-aided engineering systems,skill/competence,cross-sector,Use computer-aided engineering software to conduct stress analyses on engineering designs.
use-concurrent-programming,use concurrent programming,skill/competence,sector-specific,"Utilise specialised ICT tools to create programs that can execute concurrent operations by splitting programs into parallel processes and, once computed, combining the outcomes together."
use-consulting-techniques,use consulting techniques,skill/competence,cross-sector,Advise clients in different personal or professional matters.
use-content-management-system-software,use content management system software,skill/competence,cross-sector,"Use software that allows publishing, editing and modifying content as well as maintenance from a central interface."
use-creative-suite-software,use creative suite software,skill/competence,occupation-specific,Use a creative software suite such as ''Adobe'' to aid in graphic designing.
use-customer-relationship-management-software,use customer relationship management software,skill/competence,cross-sector,"Use specialised software to manage company’s interactions with current and future customers. Organise, automate and synchronise sales, marketing, customer service, and technical support, to increase targeted sales."
use-data-processing-techniques,use data processing techniques,skill/competence,cross-sector,"Gather, process and analyse relevant data and information, properly store and update data and represent figures and data using charts and statistical diagrams."
use-databases,use databases,skill/competence,cross-sector,"Use software tools for managing and organising data in a structured environment which consists of attributes, tables and relationships in order to query and modify the stored data."
use-different-communication-channels,use different communication channels,skill/competence,cross-sector,"Make use of various types of communication channels such as verbal, handwritten, digital and telephonic communication with the purpose of constructing and sharing ideas or information."
use-digital-illustration-techniques,use digital illustration techniques,skill/competence,sector-specific,Create drawings using digital illustration programmes and techniques.
use-e-procurement,use e-procurement ,skill/competence,sector-specific,"Use digital procurement technologies and e-procurement applications and tools in order to reduce administrative burden, improve efficiency, and strengthen transparency and accountability of procurement procedures."
use-e-services,use e-services,skill/competence,cross-sector,"Use public and private online services, such as e-commerce, e-governance, e-banking, e-health services."
use-experience-map,use experience map,skill/competence,sector-specific,"Examine all the interactions and touchpoints people have with a product, brand or service. Determine key variables such as duration and frequency of every touchpoint."
use-foreign-languages-for-health-related-research,use foreign languages for health-related research,skill/competence,cross-sector,Use foreign languages for conducting and collaborating in health-related research.
use-functional-programming,use functional programming,skill/competence,sector-specific,"Utilise specialised ICT tools to create computer code which treats computation as the evaluation of mathematical functions and seeks to avoid state and mutable data. Use programming languages which support this method such as LISP, PROLOG and Haskell."
use-ict-ticketing-system,use ICT ticketing system,skill/competence,cross-sector,"Utilise a specialised system to track registration, processing and resolution of issues in an organisation by assigning each of these issues a ticket, registering inputs from involved persons, tracking changes and displaying the status of the ticket, until it is completed."
use-interface-description-language,use interface description language,skill/competence,occupation-specific,Utilise specification language for describing interface connection among software components or programs in a programming-language-independent way. The languages which support this method are among others CORBA and WSDL.
use-it-tools,use IT tools,skill/competence,cross-sector,"Application of computers, computer networks and other information technologies and equipment to storing, retrieving, transmitting and manipulating data, in the context of a business or enterprise."
use-logic-programming,use logic programming,skill/competence,sector-specific,"Utilise specialised ICT tools to create computer code composed of series of sentences in logical form, expressing rules and facts about some problem domain. Use programming languages which support this method such as Prolog, Answer Set Programming and Datalog."
use-manual-draughting-techniques,use manual draughting techniques,skill/competence,cross-sector,"Use non-computerised draughting techniques to make detailed drawings of designs by hand with specialised tools such as pencils, rulers and templates."
use-markup-languages,use markup languages,skill/competence,sector-specific,"Utilise computer languages that are syntactically distinguishable from the text, to add annotations to a document, specify layout and process types of documents such as HTML."
use-measurement-instruments,use measurement instruments,skill/competence,cross-sector,"Use different measurement instruments depending on the property to be measured. Utilise various instruments to measure length, area, volume, speed, energy, force, and others."
use-methodologies-for-user-centered-design,use methodologies for user-centered design,skill/competence,sector-specific,"Use design methodologies in which the needs, wishes and limitations of end users of a product, service or process are given extensive attention at each stage of the design process."
use-object-oriented-programming,use object-oriented programming,skill/competence,sector-specific,"Utilise specialised ICT tools for programming paradigm based on the concept of objects, which can contain data in the form of fields and code in the form of procedures. Use programming languages which support this method such as JAVA and C++."
use-pattern-cutting-softwares,use pattern-cutting softwares,skill/competence,sector-specific,"Use pattern-cutting softwares in order to create templates for the manufacturing of wearing apparel, made-up textile articles, and textile products. Set adequate patterns in softwares for replicability of products taking into account sizes and shapes."
use-personal-organization-software,use personal organization software,skill/competence,cross-sector,"Use software tools, such as calendars, to-do lists, time-tracking, contact lists, to help in managing personal efficiency."
use-personal-protection-equipment,use personal protection equipment,skill/competence,cross-sector,"Make use of protection equipment according to training, instruction and manuals. Inspect the equipment and use it consistently."
use-photographic-equipment,use photographic equipment,skill/competence,sector-specific,"Use analogue or digital camera equipment, along with a variety of accessories such as tripods, filters and lenses."
use-polygonal-modelling,use polygonal modelling,skill/competence,occupation-specific,Represent 3D models by using line segments to connect vertices in order to create polygonal mesh on surfaces.
use-precision-tools,use precision tools,skill/competence,cross-sector,"Use electronic, mechanical, electric, or optical precision tools, such as drilling machines, grinders, gear cutters and milling machines to boost accuracy while machining products."
use-presentation-software,use presentation software,skill/competence,cross-sector,"Use software tools to create digital presentations which combine various elements, such as graphs, images, text and other multimedia."
use-query-languages,use query languages,skill/competence,sector-specific,Retrieve information from a database or information system using computer languages designed for the retrieval of data.
use-repair-manuals,use repair manuals,skill/competence,cross-sector,"Apply the information, such as periodic maintenance charts, step by step repair instructions, troubleshooting information and overhaul procedures to perform routine maintenance and repairs."
use-scripting-programming,use scripting programming,skill/competence,sector-specific,"Utilise specialised ICT tools to create computer code that is interpreted by the corresponding run-time environments in order to extend applications and automate common computer operations. Use programming languages which support this method such as Unix Shell scripts, JavaScript, Python and Ruby."
use-session-border-controller,use session border controller,skill/competence,sector-specific,Manage calls during a given voice over Internet Protocol (VoIP) session and ensure security and quality of service by operating a session border controller (SBC).
use-software-design-patterns,use software design patterns,skill/competence,sector-specific,"Utilise reusable solutions, formalised best practices, to solve common ICT development tasks in software development and design."
use-software-for-data-preservation,use software for data preservation,skill/competence,cross-sector,Utilise specialised applications and software to collect and preserve digital information.
use-software-libraries,use software libraries,skill/competence,sector-specific,Utilise collections of codes and software packages which capture frequently used routines to help programmers simplify their work.
use-specialised-design-software,use specialised design software,skill/competence,cross-sector,Developing new designs mastering specialised software.
use-spreadsheets-software,use spreadsheets software,skill/competence,cross-sector,"Use software tools to create and edit tabular data to carry out mathematical calculations, organise data and information, create diagrams based on data and to retrieve them."
use-storyboards,use storyboards,skill/competence,sector-specific,"Use a graphic presentation to convey, shot by shot, your creative vision and ideas on how a motion picture should look in terms of light, sound, visuals, costumes or make-up."
use-technical-documentation,use technical documentation,skill/competence,cross-sector,Understand and use technical documentation in the overall technical process.
use-technical-drawing-software,use technical drawing software,skill/competence,cross-sector,Create technical designs and technical drawings using specialised software.
use-testing-equipment,use testing equipment,skill/competence,cross-sector,Use equipment to test performance and operation of machinery.
use-traditional-illustration-techniques,use traditional illustration techniques,skill/competence,sector-specific,"Create drawings using traditional illustration techniques such as watercolour, pen and ink, airbrush art, oil painting, pastels, wood engraving, and linoleum cuts."
use-word-processing-software,use word processing software,skill/competence,cross-sector,"Use computer software applications for composition, editing, formatting, and printing of any sort of written material."
utilise-computer-aided-software-engineering-tools,utilise computer-aided software engineering tools,skill/competence,sector-specific,"Use software tools (CASE) to support the development lifecycle, design and implementation of software and applications of high-quality that can be easily maintained."
utilise-content-types,utilise content types,skill/competence,cross-sector,"Use MIME types and subtypes as standard identifier to indicate the type of data that a file contains such as the type of link, object, script and style elements and the media type."
utilise-decision-support-system,utilise decision support system,skill/competence,sector-specific,Use the available ICT systems that can be used to support business or organisational decision making.
utilise-machine-learning,utilise machine learning,skill/competence,sector-specific,"Use techniques and algorithms that are able to extract mastery out of data, learn from it and make predictions, to be used for program optimisation, application adaptation, pattern recognition, filtering, search engines and computer vision."
utilise-regular-expressions,utilise regular expressions,skill/competence,occupation-specific,Combine characters from a specific alphabet using well defined rules to generate character strings that can be used to describe a language or a pattern.
vagrant,Vagrant,knowledge,sector-specific,"The tool Vagrant is a software program to perform configuration identification, control, status accounting and audit."
vbscript,VBScript,knowledge,sector-specific,"The techniques and principles of software development, such as analysis, algorithms, coding, testing and compiling of programming paradigms in VBScript."
verify-feasibility,verify feasibility,skill/competence,cross-sector,Interpret an artistic plan and verify whether the described design can be executed.
verify-formal-ict-specifications,verify formal ICT specifications,skill/competence,sector-specific,"Check capabilities, correctness and efficiency of intended algorithm or system to match certain formal specifications."
visual-presentation-techniques,visual presentation techniques,knowledge,sector-specific,"The visual representation and interaction techniques, such as histograms, scatter plots, surface plots, tree maps and parallel coordinate plots, that can be used to present abstract numerical and non-numerical data, in order to reinforce the human understanding of this information."
visual-studio-net,Visual Studio .NET,knowledge,sector-specific,"The techniques and principles of software development, such as analysis, algorithms, coding, testing and compiling of programming paradigms in Visual Basic."
vocal-techniques,vocal techniques,knowledge,cross-sector,The various techniques for using your voice correctly without exhausting or damaging it when changing voice in tone and volume.
vyper,Vyper,knowledge,sector-specific,"The techniques and principles of software development, such as analysis, algorithms, coding, testing and compiling of programming paradigms in Vyper."
waste-management,waste management,knowledge,cross-sector,"The methods, materials and regulations used to collect, transport, treat and dispose of waste. This includes recycling and monitoring of waste disposal."
waste-removal-regulations,waste removal regulations,knowledge,sector-specific,Know and understand the regulations and legal agreements governing the performance of waste removal activities.
waterfall-development,Waterfall development,knowledge,sector-specific,The waterfall development model is a methodology to design software systems and applications.
wear-appropriate-protective-gear,wear appropriate protective gear,skill/competence,cross-sector,"Wear relevant and necessary protective gear, such as protective goggles or other eye protection, hard hats, safety gloves."
web-analytics,web analytics,knowledge,cross-sector,"The characteristics, tools and techniques for measurement, collection, analysis and reporting of web data to get information on the users' behaviour and to improve the performance of a website."
web-application-security-threats,web application security threats,knowledge,sector-specific,"The attacks, vectors, emergent threats on websites, web applications and web services, the rankings of their severity identified by dedicated communities such as OWASP."
web-programming,web programming,knowledge,sector-specific,"The programming paradigm that is based on combining markup (which adds context and structure to text) and other web programming code, such as AJAX, javascript and PHP, in order to carry out appropriate actions and visualise the content."
web-strategy-assessment,web strategy assessment,knowledge,sector-specific,Techniques for conducting a deep analysis of a company's web presence.
webcms,WebCMS,knowledge,sector-specific,"The web-based software systems used for creating, editing, publishing and archiving blogs, articles, web pages or press releases which are mostly managed by users with limited web programming knowledge."
whitehat-sentinel,WhiteHat Sentinel,knowledge,sector-specific,"The computer program WhiteHat Sentinel is a specialised ICT tool which tests security weaknesses of the system for potentially unauthorised access to system information, developed by the software company WhiteHat Security."
windows-phone,Windows Phone,knowledge,sector-specific,"The system software Windows Phone consists of features, restrictions, architectures and other characteristics of operating systems designed to run on mobile devices."
wireshark,Wireshark,knowledge,sector-specific,"The Wireshark tool is a penetration testing tool which evaluates security weaknesses, analysing network protocols through deep protocol inspection, live capture, display filters, offline analysis, VoIP analysis, protocol decryption."
wiziq,WizIQ,knowledge,sector-specific,"The computer program WizIQ is a e-learning platform for creating, administrating, arranging, reporting and delivering e-learning education courses or training programs."
wordpress,WordPress,knowledge,sector-specific,"The open-source web-based software systems used for creating, editing, publishing and archiving blogs, articles, web pages or press releases which are mostly managed by users with limited web programming knowledge."
work-closely-with-news-teams,work closely with news teams,skill/competence,sector-specific,"Work closely with news teams, photographers and editors."
work-ergonomically,work ergonomically,skill/competence,cross-sector,Apply ergonomy principles in the organisation of the workplace while manually handling equipment and materials.
work-in-an-aviation-team,work in an aviation team,skill/competence,sector-specific,"Work confidently in a group in general aviation services, in which each individual operates in their own area of responsibility to reach a common goal, such as a good customer interaction, air safety, and aircraft maintenance."
work-safely-with-chemicals,work safely with chemicals,skill/competence,sector-specific,"Take the necessary precautions for storing, using and disposing chemical products."
work-safely-with-machines,work safely with machines,skill/competence,cross-sector,Check and safely operate machines and equipment required for your work according to manuals and instructions.
work-safely-with-mobile-electrical-systems-under-supervision,work safely with mobile electrical systems under supervision,skill/competence,sector-specific,Take the necessary precautions while providing temporary power distribution for performance and art facility purposes under supervision.
work-with-an-artistic-team,work with an artistic team,skill/competence,sector-specific,"Work closely with directors, fellow actors and playwrights to find the ideal interpretation to a role."
work-with-composers,work with composers,skill/competence,sector-specific,Communicate with composers to discuss various interpretations of their work.
work-with-motion-picture-editing-team,work with motion picture editing team,skill/competence,sector-specific,Work together with the motion picture editing team during post-production. Make sure the finished product is according to specifications and creative vision.
work-with-respect-for-own-safety,work with respect for own safety,skill/competence,cross-sector,Apply the safety rules according to training and instruction and based on a solid understanding of the prevention measures and risks to your own personal health and safety.
work-with-the-director-of-photography,work with the director of photography,skill/competence,sector-specific,Work with the director of photography on the artistic and creative vision that needs to be followed during production of a movie or theatre production.
work-with-the-lighting-crew,work with the lighting crew,skill/competence,cross-sector,Work with the crew responsible for the lighting setup and operation to get directions from them on where to stand for an aesthetic result.
work-with-virtual-learning-environments,work with virtual learning environments,skill/competence,cross-sector,Incorporate the use of online learning environments and platforms into the process of instruction.
world-wide-web-consortium-standards,World Wide Web Consortium standards,knowledge,cross-sector,"The standards, technical specifications and guidelines developed by the international organisation World Wide Web Consortium (W3C) which allow the design and development of web applications."
write-database-documentation,write database documentation,skill/competence,sector-specific,Develop documentation containing information about the database that is relevant to end users.
write-inspection-reports,write inspection reports,skill/competence,cross-sector,"Write the results and conclusions of the inspection in a clear and intelligible way. Log the inspection's processes such as contact, outcome, and steps taken."
write-research-proposals,write research proposals,skill/competence,cross-sector,"Synthetise and write proposals aiming to solve research problems. Draft the proposal baseline and objectives, the estimated budget, risks and impact. Document the advances and new developments on the relevant subject and field of study."
write-scientific-publications,write scientific publications,skill/competence,cross-sector,"Present the hypothesis, findings, and conclusions of your scientific research in your field of expertise in a professional publication."
write-technical-reports,write technical reports,skill/competence,cross-sector,Compose technical customer reports understandable for people without technical background.
write-work-related-reports,write work-related reports,skill/competence,cross-sector,Compose work-related reports that support effective relationship management and a high standard of documentation and record keeping. Write and present results and conclusions in a clear and intelligible way so they are comprehensible to a non-expert audience.
xcode,Xcode,knowledge,sector-specific,"The computer program Xcode is a suite of software development tools for writing programs, such as compiler, debugger, code editor, code highlights, packaged in a unified user interface. It is developed by the software company Apple."
xquery,XQuery,knowledge,sector-specific,The computer language XQuery is a query language for retrieval of information from a database and of documents containing the needed information. It is developed by the international standards organisation World Wide Web Consortium.
